gi|662488888|gb|AIE48224.1|	CAMCTG_131341806	34.06	323	201	3	476	792	953	3	1e-43	  171
gi|662488888|gb|AIE48224.1|	JCVI_SCAF_1099266819618	34.06	323	201	3	476	792	1007	1957	1e-41	  171
gi|662488888|gb|AIE48224.1|	CAMCTG_131126203	34.56	298	180	4	588	881	894	34	1e-40	  162
gi|662488888|gb|AIE48224.1|	JCVI_SCAF_1097205165671	34.56	298	180	4	588	881	894	34	1e-38	  161
gi|662488888|gb|AIE48224.1|	JCVI_SCAF_1101667468865	32.58	264	170	2	472	733	785	12	6e-35	  144
gi|662488888|gb|AIE48224.1|	CAMCTG_132802262	33.83	269	166	4	588	852	26	808	7e-35	  145
gi|662488888|gb|AIE48224.1|	JCVI_SCAF_1099266454502	32.82	262	168	2	472	731	983	1750	5e-34	  147
gi|662488888|gb|AIE48224.1|	JCVI_SCAF_1097205167304	33.83	269	166	4	588	852	1804	1022	2e-33	  145
gi|662488888|gb|AIE48224.1|	JCVI_SCAF_1097263052042	25.44	515	331	12	765	1269	3	1418	1e-31	  139
gi|662488888|gb|AIE48224.1|	JCVI_SCAF_1099266690416	28.47	281	179	7	832	1106	796	2	5e-30	  134
gi|662488888|gb|AIE48224.1|	CAMCTG_132858740	28.47	281	179	7	832	1106	796	2	7e-30	  130
gi|662488888|gb|AIE48224.1|	JCVI_SCAF_1096627145138	29.00	369	248	5	448	810	745	1827	2e-29	  133
gi|662488888|gb|AIE48224.1|	JCVI_SCAF_1097156391051	29.41	374	240	6	448	810	1172	90	2e-29	  132
gi|662488888|gb|AIE48224.1|	JCVI_SCAF_1101669128057	32.75	229	147	5	638	864	957	286	3e-29	  129
gi|662488888|gb|AIE48224.1|	JCVI_SCAF_1097205035281	24.07	241	168	4	624	853	993	1703	9e-29	83.6
gi|662488888|gb|AIE48224.1|	JCVI_SCAF_1097205035281	31.71	164	106	4	423	583	413	895	9e-29	72.0
gi|662488888|gb|AIE48224.1|	JCVI_SCAF_1101670347272	24.89	470	294	11	717	1156	3	1325	1e-28	  130
gi|662488888|gb|AIE48224.1|	CAMCTG_132673535	30.25	281	181	3	579	854	923	111	1e-27	  124
gi|662488888|gb|AIE48224.1|	CAMCTG_131399071	32.60	319	155	11	542	807	2	937	2e-27	  122
gi|662488888|gb|AIE48224.1|	CAMCTG_132709701	35.00	220	137	2	957	1170	195	854	3e-27	  122
gi|662488888|gb|AIE48224.1|	CAMCTG_132062255	28.15	302	186	5	519	796	918	34	1e-26	  120
gi|662488888|gb|AIE48224.1|	CAMCTG_132032228	34.60	289	173	6	423	705	849	13	1e-26	  120
gi|662488888|gb|AIE48224.1|	JCVI_SCAF_1099266809598	30.25	281	181	3	579	854	952	1764	3e-26	  123
gi|662488888|gb|AIE48224.1|	JCVI_SCAF_1099266813452	32.60	319	155	11	542	807	2	937	4e-26	  122
gi|662488888|gb|AIE48224.1|	JCVI_SCAF_1101669473097	26.55	467	278	15	655	1086	7	1317	4e-26	  120
gi|662488888|gb|AIE48224.1|	JCVI_SCAF_1099266696654	35.00	220	137	2	957	1170	1595	936	5e-26	  122
gi|662488888|gb|AIE48224.1|	JCVI_SCAF_1099266728950	28.15	302	186	5	519	796	918	34	9e-26	  121
gi|662488888|gb|AIE48224.1|	JCVI_SCAF_1099266730760	34.60	289	173	6	423	705	849	13	2e-25	  120
gi|662488888|gb|AIE48224.1|	CAMCTG_132175569	32.93	246	157	4	440	683	739	20	3e-25	  115
gi|662488888|gb|AIE48224.1|	CAMCTG_131337050	31.33	233	142	2	588	807	744	61	4e-25	  115
gi|662488888|gb|AIE48224.1|	CAMCTG_131153282	28.78	278	180	6	453	721	834	28	1e-24	  114
gi|662488888|gb|AIE48224.1|	JCVI_SCAF_1101670418027	32.49	277	154	8	1007	1258	1351	545	2e-24	  115
gi|662488888|gb|AIE48224.1|	CAMCTG_131733354	26.61	327	208	8	765	1075	937	5	3e-24	  113
gi|662488888|gb|AIE48224.1|	JCVI_SCAF_1097205039503	31.76	233	141	3	588	807	744	61	5e-24	  115
gi|662488888|gb|AIE48224.1|	JCVI_SCAF_1101670189797	37.18	156	92	3	636	785	489	22	5e-24	99.8
gi|662488888|gb|AIE48224.1|	JCVI_SCAF_1101670189797	31.31	99	62	1	541	639	755	477	5e-24	39.7
gi|662488888|gb|AIE48224.1|	JCVI_SCAF_1101670189797	36.54	104	62	4	397	497	1183	875	4e-05	55.5
gi|662488888|gb|AIE48224.1|	JCVI_SCAF_1099266108452	32.93	246	157	4	440	683	1014	1733	7e-24	  115
gi|662488888|gb|AIE48224.1|	JCVI_SCAF_1099266108452	33.09	136	90	1	995	1129	910	503	1e-12	79.7
gi|662488888|gb|AIE48224.1|	CAMCTG_132786821	29.09	275	172	6	453	712	33	833	1e-23	  110
gi|662488888|gb|AIE48224.1|	JCVI_SCAF_1099266763452	28.78	278	180	6	453	721	992	1798	2e-23	  114
gi|662488888|gb|AIE48224.1|	CAMCTG_132966765	29.00	300	190	7	756	1045	862	2	3e-23	  110
gi|662488888|gb|AIE48224.1|	CAMCTG_131376075	29.03	310	190	5	467	752	3	914	3e-23	  110
gi|662488888|gb|AIE48224.1|	JCVI_SCAF_1099266134627	26.61	327	208	8	765	1075	937	5	4e-23	  113
gi|662488888|gb|AIE48224.1|	JCVI_SCAF_1099266803165	29.09	275	172	6	453	712	1360	560	4e-23	  111
gi|662488888|gb|AIE48224.1|	JCVI_SCAF_1099266743629	29.03	310	190	5	467	752	1811	900	3e-22	  110
gi|662488888|gb|AIE48224.1|	JCVI_SCAF_1099266743629	27.12	177	109	7	935	1094	603	82	5e-05	55.1
gi|662488888|gb|AIE48224.1|	JCVI_SCAF_1099266686408	29.00	300	190	7	756	1045	1019	1879	3e-22	  110
gi|662488888|gb|AIE48224.1|	JCVI_SCAF_1099266686408	31.07	177	108	4	403	565	344	874	2e-13	82.8
gi|662488888|gb|AIE48224.1|	CAMCTG_131875823	30.57	229	149	2	470	694	5	673	1e-21	  105
gi|662488888|gb|AIE48224.1|	JCVI_SCAF_1099266785003	26.57	335	221	6	430	754	989	30	1e-21	  109
gi|662488888|gb|AIE48224.1|	JCVI_SCAF_1096627277175	26.57	335	221	6	430	754	989	30	1e-21	  109
gi|662488888|gb|AIE48224.1|	CAMCTG_131235438	27.50	280	181	6	460	723	859	38	2e-21	  104
gi|662488888|gb|AIE48224.1|	CAMCTG_133103452	26.43	280	179	4	549	807	3	824	8e-21	  102
gi|662488888|gb|AIE48224.1|	JCVI_SCAF_1099266124756	30.57	229	149	2	470	694	5	673	1e-20	  105
gi|662488888|gb|AIE48224.1|	CAMCTG_131561682	30.77	247	142	8	638	864	799	86	1e-20	  102
gi|662488888|gb|AIE48224.1|	CAMCTG_132250667	27.44	266	183	3	423	686	1	774	2e-20	  101
gi|662488888|gb|AIE48224.1|	JCVI_SCAF_1099266832787	27.50	280	181	6	460	723	964	1785	2e-20	  104
gi|662488888|gb|AIE48224.1|	JCVI_SCAF_1099266787543	26.43	280	179	4	549	807	1796	975	2e-20	  104
gi|662488888|gb|AIE48224.1|	CAMCTG_132967986	23.30	279	204	4	832	1102	49	879	2e-20	  101
gi|662488888|gb|AIE48224.1|	CAMCTG_131188293	31.94	216	136	4	655	862	870	232	4e-20	  100
gi|662488888|gb|AIE48224.1|	CAMCTG_132411355	23.39	295	212	3	470	756	46	912	4e-20	  100
gi|662488888|gb|AIE48224.1|	CAMCTG_131602710	31.78	214	137	4	676	885	833	207	6e-20	  100
gi|662488888|gb|AIE48224.1|	CAMCTG_132257107	29.78	225	149	5	638	856	51	716	9e-20	99.8
gi|662488888|gb|AIE48224.1|	CAMCTG_131136770	27.62	181	119	1	639	807	567	25	1e-19	97.4
gi|662488888|gb|AIE48224.1|	JCVI_SCAF_1097205063977	30.77	247	142	8	638	864	799	86	1e-19	  102
gi|662488888|gb|AIE48224.1|	JCVI_SCAF_1097205063977	31.30	115	73	1	486	594	1340	996	9e-06	57.8
gi|662488888|gb|AIE48224.1|	JCVI_SCAF_1099266719208	26.94	271	188	3	423	691	1	789	2e-19	  101
gi|662488888|gb|AIE48224.1|	JCVI_SCAF_1099266686357	23.30	279	204	4	832	1102	1742	912	2e-19	  101
gi|662488888|gb|AIE48224.1|	JCVI_SCAF_1099266838605	32.26	217	136	4	655	863	780	1421	3e-19	  100
gi|662488888|gb|AIE48224.1|	CAMCTG_131731047	32.08	240	151	4	462	697	73	768	4e-19	97.8
gi|662488888|gb|AIE48224.1|	JCVI_SCAF_1099266864767	23.39	295	212	3	470	756	46	912	4e-19	  100
gi|662488888|gb|AIE48224.1|	CAMCTG_132826824	27.07	229	154	3	588	809	18	686	4e-19	96.7
gi|662488888|gb|AIE48224.1|	JCVI_SCAF_1097205046362	27.62	181	119	1	639	807	567	25	7e-19	97.4
gi|662488888|gb|AIE48224.1|	JCVI_SCAF_1099266512884	31.78	214	137	4	676	885	942	1568	7e-19	99.8
gi|662488888|gb|AIE48224.1|	CAMCTG_132740675	32.39	176	108	5	635	799	538	11	1e-18	96.7
gi|662488888|gb|AIE48224.1|	JCVI_SCAF_1099266718892	29.78	225	149	5	638	856	51	716	1e-18	99.4
gi|662488888|gb|AIE48224.1|	CAMCTG_132040665	32.02	203	122	9	930	1117	646	41	2e-18	95.5
gi|662488888|gb|AIE48224.1|	JCVI_SCAF_1101670673919	28.16	245	150	3	545	769	1	717	3e-18	94.7
gi|662488888|gb|AIE48224.1|	JCVI_SCAF_1097263518746	32.08	240	151	4	462	697	73	768	3e-18	97.8
gi|662488888|gb|AIE48224.1|	JCVI_SCAF_1099266800740	27.07	229	154	3	588	809	1632	964	6e-18	96.7
gi|662488888|gb|AIE48224.1|	JCVI_SCAF_1099266461489	32.39	176	108	5	635	799	538	11	7e-18	96.7
gi|662488888|gb|AIE48224.1|	JCVI_SCAF_1097156578274	32.02	203	122	9	930	1117	646	41	1e-17	95.1
gi|662488888|gb|AIE48224.1|	JCVI_SCAF_1097156578274	28.28	145	95	1	685	820	1413	979	6e-09	67.4
gi|662488888|gb|AIE48224.1|	JCVI_SCAF_1096628337141	28.16	245	150	3	545	769	1647	931	2e-17	94.7
gi|662488888|gb|AIE48224.1|	JCVI_SCAF_1101670680083	34.52	197	118	4	670	859	4	582	5e-17	91.3
gi|662488888|gb|AIE48224.1|	CAMCTG_131395364	25.26	289	167	9	526	772	866	21	8e-17	90.5
gi|662488888|gb|AIE48224.1|	CAMCTG_131347113	26.83	246	154	3	522	747	722	3	2e-16	88.6
gi|662488888|gb|AIE48224.1|	CAMCTG_131844674	27.10	214	141	5	926	1129	11	637	4e-16	87.8
gi|662488888|gb|AIE48224.1|	CAMCTG_131470523	37.58	157	90	3	704	852	33	503	5e-16	87.4
gi|662488888|gb|AIE48224.1|	JCVI_SCAF_1099266813824	25.26	289	167	9	526	772	866	21	6e-16	90.5
gi|662488888|gb|AIE48224.1|	JCVI_SCAF_1099266496908	27.10	214	141	5	926	1129	11	637	3e-15	87.8
gi|662488888|gb|AIE48224.1|	JCVI_SCAF_1099266745953	26.83	246	154	3	522	747	927	1646	4e-15	87.8
gi|662488888|gb|AIE48224.1|	JCVI_SCAF_1097205168886	37.58	157	90	3	704	852	1524	1054	4e-15	87.4
gi|662488888|gb|AIE48224.1|	CAMCTG_132766056	24.33	300	212	6	519	810	64	942	6e-15	84.7
gi|662488888|gb|AIE48224.1|	CAMCTG_132952089	49.53	107	54	0	443	549	167	487	1e-14	84.0
gi|662488888|gb|AIE48224.1|	CAMCTG_132680932	24.07	241	168	4	624	853	858	148	1e-14	83.6
gi|662488888|gb|AIE48224.1|	JCVI_SCAF_1099266694319	24.33	300	212	6	519	810	64	942	3e-14	85.1
gi|662488888|gb|AIE48224.1|	JCVI_SCAF_1099266694319	22.26	283	174	12	930	1176	1063	1881	0.043	45.8
gi|662488888|gb|AIE48224.1|	JCVI_SCAF_1099266686946	49.53	107	54	0	443	549	1712	1392	6e-14	84.0
gi|662488888|gb|AIE48224.1|	JCVI_SCAF_1099266686946	39.62	53	31	1	1199	1250	24	182	1.8	40.4
gi|662488888|gb|AIE48224.1|	JCVI_SCAF_1099266814168	24.68	231	154	5	447	665	222	890	1e-13	68.9
gi|662488888|gb|AIE48224.1|	JCVI_SCAF_1099266814168	21.31	183	112	5	705	863	1010	1534	1e-13	35.0
gi|662488888|gb|AIE48224.1|	CAMCTG_132175574	33.09	136	90	1	995	1129	910	503	3e-13	79.3
gi|662488888|gb|AIE48224.1|	CAMCTG_131856889	25.10	255	168	5	10	251	112	846	4e-13	79.0
gi|662488888|gb|AIE48224.1|	JCVI_SCAF_1101670240895	34.69	147	86	3	454	595	883	458	5e-13	79.0
gi|662488888|gb|AIE48224.1|	CAMCTG_132765688	26.29	251	158	8	636	860	3	752	9e-13	77.4
gi|662488888|gb|AIE48224.1|	JCVI_SCAF_1099266125984	25.10	255	168	5	10	251	112	846	1e-12	79.7
gi|662488888|gb|AIE48224.1|	CAMCTG_131268049	25.38	264	176	7	484	727	13	801	2e-12	76.6
gi|662488888|gb|AIE48224.1|	JCVI_SCAF_1101670338667	25.77	194	132	4	936	1117	1553	972	2e-12	78.6
gi|662488888|gb|AIE48224.1|	JCVI_SCAF_1101670647668	25.83	240	164	6	627	852	102	821	8e-12	74.7
gi|662488888|gb|AIE48224.1|	JCVI_SCAF_1099266694342	26.29	251	158	8	636	860	1666	917	8e-12	77.0
gi|662488888|gb|AIE48224.1|	CAMCTG_131710301	25.00	204	142	5	675	868	83	691	1e-11	74.3
gi|662488888|gb|AIE48224.1|	JCVI_SCAF_1097205041760	25.38	264	176	7	484	727	13	801	1e-11	76.6
gi|662488888|gb|AIE48224.1|	JCVI_SCAF_1097205041760	22.39	268	166	8	762	1000	953	1717	0.47	42.4
gi|662488888|gb|AIE48224.1|	CAMCTG_131551394	30.58	121	83	1	928	1047	701	339	2e-11	73.9
gi|662488888|gb|AIE48224.1|	CAMCTG_131551394	29.69	128	81	2	1028	1150	379	8	6e-06	57.0
gi|662488888|gb|AIE48224.1|	JCVI_SCAF_1097208457357	25.00	204	142	5	675	868	1263	655	4e-11	74.3
gi|662488888|gb|AIE48224.1|	CAMCTG_131457011	31.71	164	106	4	423	583	413	895	9e-11	72.0
gi|662488888|gb|AIE48224.1|	CAMCTG_131789193	29.55	247	160	6	410	648	746	24	2e-10	71.2
gi|662488888|gb|AIE48224.1|	CAMCTG_132335564	21.13	284	178	3	474	717	75	908	2e-10	70.9
gi|662488888|gb|AIE48224.1|	CAMCTG_131622228	27.51	189	131	2	982	1164	6	572	2e-10	70.1
gi|662488888|gb|AIE48224.1|	CAMCTG_132012218	27.14	210	142	4	486	691	355	963	2e-10	71.2
gi|662488888|gb|AIE48224.1|	JCVI_SCAF_1101670324532	34.00	150	91	3	448	593	438	1	5e-10	71.2
gi|662488888|gb|AIE48224.1|	JCVI_SCAF_1101670274194	26.90	197	127	5	949	1128	245	835	5e-10	71.2
gi|662488888|gb|AIE48224.1|	JCVI_SCAF_1099266739083	29.55	247	160	6	410	648	1258	1980	5e-10	71.2
gi|662488888|gb|AIE48224.1|	CAMCTG_132423741	36.00	125	75	3	474	593	555	929	6e-10	69.3
gi|662488888|gb|AIE48224.1|	JCVI_SCAF_1099266476161	21.13	284	178	3	474	717	75	908	7e-10	70.9
gi|662488888|gb|AIE48224.1|	JCVI_SCAF_1099266116518	27.14	210	142	4	486	691	1751	1143	7e-10	71.2
gi|662488888|gb|AIE48224.1|	CAMCTG_132701604	28.28	145	95	1	685	820	38	472	8e-10	67.4
gi|662488888|gb|AIE48224.1|	CAMCTG_131245033	23.51	285	184	7	529	785	872	36	1e-09	68.6
gi|662488888|gb|AIE48224.1|	JCVI_SCAF_1099266511270	27.51	189	131	2	982	1164	1516	950	1e-09	70.1
gi|662488888|gb|AIE48224.1|	CAMCTG_131377652	26.05	215	127	7	621	810	847	224	1e-09	68.6
gi|662488888|gb|AIE48224.1|	CAMCTG_131391763	25.11	231	153	5	447	665	222	890	1e-09	68.2
gi|662488888|gb|AIE48224.1|	CAMCTG_132866762	30.08	133	83	2	628	750	399	1	2e-09	67.8
gi|662488888|gb|AIE48224.1|	CAMCTG_132307604	25.39	193	137	3	621	807	702	127	2e-09	68.2
gi|662488888|gb|AIE48224.1|	JCVI_SCAF_1097205314263	22.71	273	193	5	386	648	59	853	2e-09	67.8
gi|662488888|gb|AIE48224.1|	JCVI_SCAF_1099266149443	30.33	122	84	1	927	1047	704	339	2e-09	69.7
gi|662488888|gb|AIE48224.1|	JCVI_SCAF_1099266149443	29.69	128	81	2	1028	1150	379	8	1e-05	57.0
gi|662488888|gb|AIE48224.1|	CAMCTG_132839723	21.90	274	180	6	948	1188	919	101	2e-09	67.8
gi|662488888|gb|AIE48224.1|	JCVI_SCAF_1099266710919	36.00	125	75	3	474	593	555	929	3e-09	69.3
gi|662488888|gb|AIE48224.1|	JCVI_SCAF_1099266831591	23.51	285	184	7	529	785	872	36	4e-09	68.6
gi|662488888|gb|AIE48224.1|	JCVI_SCAF_1097205035037	25.82	182	122	6	368	540	238	771	4e-09	46.2
gi|662488888|gb|AIE48224.1|	JCVI_SCAF_1097205035037	36.54	52	33	0	539	590	773	928	4e-09	42.7
gi|662488888|gb|AIE48224.1|	JCVI_SCAF_1097205035037	27.62	105	71	1	762	866	996	1295	0.063	45.1
gi|662488888|gb|AIE48224.1|	CAMCTG_132899922	25.18	278	163	10	551	789	876	61	4e-09	66.6
gi|662488888|gb|AIE48224.1|	JCVI_SCAF_1101669505703	28.42	190	125	5	481	665	32	583	5e-09	66.6
gi|662488888|gb|AIE48224.1|	CAMCTG_131231380	32.88	146	90	4	713	852	735	304	6e-09	65.5
gi|662488888|gb|AIE48224.1|	JCVI_SCAF_1099266309567	25.39	193	137	3	621	807	1163	1738	6e-09	68.2
gi|662488888|gb|AIE48224.1|	CAMCTG_131461307	25.82	182	122	6	368	540	238	771	6e-09	46.2
gi|662488888|gb|AIE48224.1|	CAMCTG_131461307	37.50	48	30	0	543	590	785	928	6e-09	42.0
gi|662488888|gb|AIE48224.1|	CAMCTG_132786488	34.81	135	78	3	669	794	573	974	6e-09	66.6
gi|662488888|gb|AIE48224.1|	JCVI_SCAF_1099266800060	21.90	274	180	6	948	1188	956	1774	7e-09	67.8
gi|662488888|gb|AIE48224.1|	JCVI_SCAF_1099266798501	30.08	133	83	2	628	750	1411	1809	7e-09	67.8
gi|662488888|gb|AIE48224.1|	JCVI_SCAF_1099266743512	24.73	275	159	9	621	861	847	65	8e-09	67.4
gi|662488888|gb|AIE48224.1|	CAMCTG_132543988	32.90	155	96	3	704	852	8	466	1e-08	64.7
gi|662488888|gb|AIE48224.1|	JCVI_SCAF_1099266796725	24.82	278	164	10	551	789	876	61	1e-08	67.0
gi|662488888|gb|AIE48224.1|	JCVI_SCAF_1096627770898	28.42	190	125	5	481	665	32	583	2e-08	66.6
gi|662488888|gb|AIE48224.1|	CAMCTG_131687046	36.56	93	47	4	522	604	95	367	2e-08	64.3
gi|662488888|gb|AIE48224.1|	CAMCTG_131953494	30.63	160	105	3	1017	1170	801	322	2e-08	64.3
gi|662488888|gb|AIE48224.1|	JCVI_SCAF_1099266173023	36.46	96	56	2	714	804	911	1198	2e-08	65.9
gi|662488888|gb|AIE48224.1|	JCVI_SCAF_1097205170254	31.87	160	96	4	1029	1179	1955	1488	2e-08	66.2
gi|662488888|gb|AIE48224.1|	CAMCTG_132091859	32.77	119	74	3	688	800	499	855	3e-08	64.3
gi|662488888|gb|AIE48224.1|	JCVI_SCAF_1099266889515	33.06	121	75	3	684	798	487	849	3e-08	65.9
gi|662488888|gb|AIE48224.1|	CAMCTG_131927545	30.00	200	125	5	1030	1218	5	592	3e-08	64.7
gi|662488888|gb|AIE48224.1|	CAMCTG_131352508	23.08	247	154	6	447	673	41	733	3e-08	63.9
gi|662488888|gb|AIE48224.1|	JCVI_SCAF_1099266803188	34.81	135	78	3	669	794	1481	1080	4e-08	65.5
gi|662488888|gb|AIE48224.1|	CAMCTG_132482816	25.79	252	144	5	553	767	239	976	5e-08	63.9
gi|662488888|gb|AIE48224.1|	JCVI_SCAF_1097156575362	32.90	155	96	3	704	852	8	466	5e-08	64.7
gi|662488888|gb|AIE48224.1|	JCVI_SCAF_1097156575362	20.11	179	130	5	962	1128	879	1412	0.29	43.1
gi|662488888|gb|AIE48224.1|	JCVI_SCAF_1099266119645	30.63	160	105	3	1017	1170	801	322	8e-08	64.3
gi|662488888|gb|AIE48224.1|	JCVI_SCAF_1099266138174	36.56	93	47	4	522	604	1631	1359	8e-08	64.3
gi|662488888|gb|AIE48224.1|	CAMCTG_132401960	25.51	243	170	5	426	664	735	28	9e-08	62.4
gi|662488888|gb|AIE48224.1|	JCVI_SCAF_1099266818286	23.08	247	154	6	447	673	41	733	1e-07	63.9
gi|662488888|gb|AIE48224.1|	JCVI_SCAF_1099266631389	23.71	291	179	8	471	724	57	911	1e-07	62.8
gi|662488888|gb|AIE48224.1|	JCVI_SCAF_1099266859748	25.79	252	144	5	553	767	239	976	1e-07	63.9
gi|662488888|gb|AIE48224.1|	JCVI_SCAF_1101670493359	32.05	156	102	3	438	592	312	770	1e-07	62.4
gi|662488888|gb|AIE48224.1|	CAMCTG_131420168	27.95	161	96	4	712	852	86	568	1e-07	62.0
gi|662488888|gb|AIE48224.1|	JCVI_SCAF_1101670690635	29.10	134	85	2	725	852	841	452	2e-07	61.6
gi|662488888|gb|AIE48224.1|	JCVI_SCAF_1099266865504	25.51	243	170	5	426	664	1058	1765	2e-07	62.8
gi|662488888|gb|AIE48224.1|	CAMCTG_131787181	29.55	176	119	3	422	593	414	938	3e-07	61.6
gi|662488888|gb|AIE48224.1|	JCVI_SCAF_1101667598950	33.68	95	61	1	459	553	594	872	4e-07	60.5
gi|662488888|gb|AIE48224.1|	JCVI_SCAF_1099266631391	25.52	192	124	6	949	1128	664	110	5e-07	60.5
gi|662488888|gb|AIE48224.1|	JCVI_SCAF_1099266161343	29.81	161	93	4	712	852	86	568	6e-07	61.6
gi|662488888|gb|AIE48224.1|	JCVI_SCAF_1099266739229	29.55	176	119	3	422	593	1563	1039	6e-07	61.6
gi|662488888|gb|AIE48224.1|	JCVI_SCAF_1099266830083	26.97	178	110	6	938	1096	345	875	7e-07	61.2
gi|662488888|gb|AIE48224.1|	CAMCTG_131188043	27.89	147	97	1	670	807	3	443	1e-06	59.7
gi|662488888|gb|AIE48224.1|	JCVI_SCAF_1099266886540	33.68	95	61	1	459	553	1179	901	1e-06	60.5
gi|662488888|gb|AIE48224.1|	CAMCTG_132401139	23.99	271	193	7	621	880	946	140	2e-06	58.9
gi|662488888|gb|AIE48224.1|	CAMCTG_131411334	34.16	161	89	4	709	852	872	390	2e-06	58.9
gi|662488888|gb|AIE48224.1|	JCVI_SCAF_1099266838650	27.89	147	97	1	670	807	1918	1478	2e-06	59.7
gi|662488888|gb|AIE48224.1|	CAMCTG_132352224	20.77	313	208	7	557	852	6	875	3e-06	58.2
gi|662488888|gb|AIE48224.1|	JCVI_SCAF_1097156566621	23.62	271	194	7	621	880	1004	1810	3e-06	59.3
gi|662488888|gb|AIE48224.1|	CAMCTG_132681462	24.40	209	147	6	638	838	620	3	3e-06	57.8
gi|662488888|gb|AIE48224.1|	JCVI_SCAF_1099266812260	33.54	161	90	3	709	852	872	390	3e-06	59.3
gi|662488888|gb|AIE48224.1|	JCVI_SCAF_1099266812260	34.62	78	45	2	426	499	1576	1349	0.20	43.5
gi|662488888|gb|AIE48224.1|	JCVI_SCAF_1099266170085	42.11	57	33	0	1071	1127	791	961	3e-06	51.6
gi|662488888|gb|AIE48224.1|	JCVI_SCAF_1099266170085	23.40	141	80	5	1140	1260	997	1395	3e-06	27.3
gi|662488888|gb|AIE48224.1|	CAMCTG_131607674	31.30	115	73	1	486	594	483	827	4e-06	57.8
gi|662488888|gb|AIE48224.1|	CAMCTG_131276075	42.11	57	33	0	1071	1127	657	487	5e-06	51.2
gi|662488888|gb|AIE48224.1|	CAMCTG_131276075	23.40	141	80	5	1140	1260	451	53	5e-06	27.3
gi|662488888|gb|AIE48224.1|	JCVI_SCAF_1099266869362	20.77	313	208	7	557	852	6	875	6e-06	58.2
gi|662488888|gb|AIE48224.1|	CAMCTG_131349110	30.10	103	58	2	636	731	681	968	6e-06	57.4
gi|662488888|gb|AIE48224.1|	CAMCTG_131258026	26.97	178	110	6	938	1096	345	875	7e-06	57.0
gi|662488888|gb|AIE48224.1|	JCVI_SCAF_1099266809157	24.40	209	147	6	638	838	1139	1756	8e-06	57.8
gi|662488888|gb|AIE48224.1|	CAMCTG_132520188	28.37	141	95	1	517	657	425	21	8e-06	56.6
gi|662488888|gb|AIE48224.1|	CAMCTG_132520188	23.36	137	98	3	405	534	781	371	9.0	37.7
gi|662488888|gb|AIE48224.1|	CAMCTG_131195019	21.78	202	141	4	621	805	31	636	8e-06	56.6
gi|662488888|gb|AIE48224.1|	JCVI_SCAF_1099266818698	30.10	103	58	2	636	731	1162	875	1e-05	57.4
gi|662488888|gb|AIE48224.1|	JCVI_SCAF_1099266758913	21.78	202	141	4	621	805	31	636	2e-05	56.6
gi|662488888|gb|AIE48224.1|	JCVI_SCAF_1099266469312	28.37	141	95	1	517	657	1373	1777	2e-05	56.6
gi|662488888|gb|AIE48224.1|	CAMCTG_132402464	25.00	196	139	2	457	650	570	1	2e-05	55.5
gi|662488888|gb|AIE48224.1|	CAMCTG_132899054	34.48	116	70	2	741	852	69	410	2e-05	53.9
gi|662488888|gb|AIE48224.1|	CAMCTG_131376080	27.12	177	109	7	935	1094	603	82	2e-05	55.1
gi|662488888|gb|AIE48224.1|	JCVI_SCAF_1099266795997	29.29	198	122	9	670	852	785	201	2e-05	56.2
gi|662488888|gb|AIE48224.1|	CAMCTG_131436777	22.62	221	157	6	394	604	654	4	2e-05	55.1
gi|662488888|gb|AIE48224.1|	CAMCTG_133024332	24.08	191	125	7	921	1094	247	810	3e-05	54.7
gi|662488888|gb|AIE48224.1|	CAMCTG_132917374	29.29	198	122	9	670	852	785	201	4e-05	54.3
gi|662488888|gb|AIE48224.1|	JCVI_SCAF_1099266160262	22.62	221	157	6	394	604	654	4	5e-05	55.1
gi|662488888|gb|AIE48224.1|	JCVI_SCAF_1099266473531	25.00	196	139	2	457	650	570	1	6e-05	55.1
gi|662488888|gb|AIE48224.1|	JCVI_SCAF_1099266684290	24.00	175	113	7	937	1094	295	810	7e-05	54.7
gi|662488888|gb|AIE48224.1|	CAMCTG_131880721	26.21	206	125	7	457	647	189	770	9e-05	53.1
gi|662488888|gb|AIE48224.1|	JCVI_SCAF_1097169026495	25.50	149	103	3	659	800	1236	793	1e-04	53.9
gi|662488888|gb|AIE48224.1|	JCVI_SCAF_1099266796776	34.48	116	70	2	741	852	69	410	1e-04	53.9
gi|662488888|gb|AIE48224.1|	JCVI_SCAF_1099266124397	26.21	206	125	7	457	647	189	770	1e-04	53.5
gi|662488888|gb|AIE48224.1|	CAMCTG_132637309	26.38	163	111	3	426	582	108	587	2e-04	52.0
gi|662488888|gb|AIE48224.1|	CAMCTG_132873724	30.17	116	70	3	982	1086	196	543	3e-04	51.2
gi|662488888|gb|AIE48224.1|	JCVI_SCAF_1099266464584	26.38	163	111	3	426	582	1653	1174	4e-04	52.4
gi|662488888|gb|AIE48224.1|	CAMCTG_131525497	29.17	120	79	1	442	561	116	457	4e-04	51.2
gi|662488888|gb|AIE48224.1|	CAMCTG_131996384	27.37	179	106	4	421	580	782	261	6e-04	50.8
gi|662488888|gb|AIE48224.1|	CAMCTG_132671565	29.47	190	118	8	676	852	258	818	6e-04	50.8
gi|662488888|gb|AIE48224.1|	JCVI_SCAF_1099266798108	30.17	116	70	3	982	1086	1506	1159	7e-04	51.6
gi|662488888|gb|AIE48224.1|	JCVI_SCAF_1101670287482	20.72	222	159	5	952	1156	1187	522	7e-04	50.8
gi|662488888|gb|AIE48224.1|	JCVI_SCAF_1097205707708	29.17	120	79	1	442	561	1626	1285	8e-04	51.2
gi|662488888|gb|AIE48224.1|	JCVI_SCAF_1099266809716	29.47	190	118	8	676	852	1665	1105	0.001	50.8
gi|662488888|gb|AIE48224.1|	JCVI_SCAF_1099266489269	27.37	179	106	4	421	580	913	1434	0.001	50.8
gi|662488888|gb|AIE48224.1|	JCVI_SCAF_1101669090188	37.00	100	56	3	1065	1158	571	867	0.002	50.1
gi|662488888|gb|AIE48224.1|	CAMCTG_131353282	25.00	144	95	5	87	218	472	44	0.002	49.3
gi|662488888|gb|AIE48224.1|	JCVI_SCAF_1099266802421	29.85	134	86	3	742	869	873	1268	0.002	50.1
gi|662488888|gb|AIE48224.1|	JCVI_SCAF_1096627292088	37.00	100	56	3	1065	1158	571	867	0.002	50.1
gi|662488888|gb|AIE48224.1|	CAMCTG_133122214	20.62	194	138	6	949	1130	51	620	0.002	48.9
gi|662488888|gb|AIE48224.1|	JCVI_SCAF_1101670532738	24.55	220	137	8	1025	1218	880	230	0.002	49.3
gi|662488888|gb|AIE48224.1|	CAMCTG_132112701	37.31	67	42	0	1063	1129	260	460	0.003	48.9
gi|662488888|gb|AIE48224.1|	JCVI_SCAF_1099266164831	25.00	144	95	5	87	218	1287	1715	0.003	49.3
gi|662488888|gb|AIE48224.1|	CAMCTG_132798308	29.85	134	86	3	742	869	822	427	0.003	48.5
gi|662488888|gb|AIE48224.1|	JCVI_SCAF_1099266786804	20.62	194	138	6	949	1130	1774	1205	0.004	48.9
gi|662488888|gb|AIE48224.1|	CAMCTG_131814687	24.31	218	134	9	933	1128	661	35	0.004	48.1
gi|662488888|gb|AIE48224.1|	CAMCTG_131411987	31.25	112	68	2	462	565	345	677	0.005	48.1
gi|662488888|gb|AIE48224.1|	JCVI_SCAF_1099266887781	37.31	67	42	0	1063	1129	1605	1405	0.005	48.9
gi|662488888|gb|AIE48224.1|	CAMCTG_131392634	28.43	102	70	2	1043	1141	762	457	0.006	47.8
gi|662488888|gb|AIE48224.1|	JCVI_SCAF_1101670033811	30.16	126	87	1	446	571	578	952	0.006	47.8
gi|662488888|gb|AIE48224.1|	JCVI_SCAF_1099266737294	23.15	216	139	8	933	1128	661	35	0.006	48.5
gi|662488888|gb|AIE48224.1|	JCVI_SCAF_1097171015413	22.90	131	101	0	621	751	395	787	0.006	35.8
gi|662488888|gb|AIE48224.1|	JCVI_SCAF_1097171015413	36.84	38	24	0	763	800	831	944	0.006	32.0
gi|662488888|gb|AIE48224.1|	JCVI_SCAF_1099266812199	31.25	112	68	2	462	565	345	677	0.008	48.1
gi|662488888|gb|AIE48224.1|	JCVI_SCAF_1101670071600	20.62	291	196	10	773	1036	851	3	0.009	47.4
gi|662488888|gb|AIE48224.1|	JCVI_SCAF_1097156584335	28.43	102	70	2	1043	1141	437	742	0.009	47.8
gi|662488888|gb|AIE48224.1|	CAMCTG_132253355	27.62	105	71	1	762	866	343	44	0.009	45.1
gi|662488888|gb|AIE48224.1|	CAMCTG_131815122	26.45	155	108	3	455	605	813	355	0.011	46.6
gi|662488888|gb|AIE48224.1|	JCVI_SCAF_1099266737255	25.49	153	112	1	455	605	981	1439	0.011	47.8
gi|662488888|gb|AIE48224.1|	JCVI_SCAF_1101670672582	21.83	197	130	3	523	695	771	181	0.016	46.2
gi|662488888|gb|AIE48224.1|	CAMCTG_131286852	25.71	140	98	3	469	602	759	340	0.016	46.2
gi|662488888|gb|AIE48224.1|	CAMCTG_131762971	21.31	183	132	4	951	1121	121	669	0.017	46.2
gi|662488888|gb|AIE48224.1|	CAMCTG_132979751	31.75	126	67	4	704	810	878	501	0.018	46.2
gi|662488888|gb|AIE48224.1|	CAMCTG_131438691	23.81	105	80	0	704	808	1	315	0.020	45.8
gi|662488888|gb|AIE48224.1|	CAMCTG_132239255	23.76	303	189	13	366	642	864	4	0.022	45.8
gi|662488888|gb|AIE48224.1|	JCVI_SCAF_1099266685921	31.75	126	67	4	704	810	742	1119	0.027	46.2
gi|662488888|gb|AIE48224.1|	JCVI_SCAF_1099266132392	21.31	183	132	4	951	1121	121	669	0.028	46.2
gi|662488888|gb|AIE48224.1|	CAMCTG_131210520	23.85	239	152	9	539	753	838	140	0.029	45.4
gi|662488888|gb|AIE48224.1|	JCVI_SCAF_1099266751096	25.71	140	98	3	469	602	1094	1513	0.029	46.2
gi|662488888|gb|AIE48224.1|	CAMCTG_132766051	22.26	283	174	12	930	1176	826	8	0.029	45.4
gi|662488888|gb|AIE48224.1|	JCVI_SCAF_1099266479607	23.76	303	189	13	366	642	864	4	0.030	46.2
gi|662488888|gb|AIE48224.1|	CAMCTG_131465085	27.42	124	83	2	476	592	746	375	0.032	45.4
gi|662488888|gb|AIE48224.1|	CAMCTG_131716878	26.95	141	89	5	729	859	1	411	0.033	45.1
gi|662488888|gb|AIE48224.1|	JCVI_SCAF_1097263373184	23.81	105	80	0	704	808	1528	1214	0.035	45.8
gi|662488888|gb|AIE48224.1|	CAMCTG_132117091	25.37	205	138	5	414	606	306	911	0.038	45.1
gi|662488888|gb|AIE48224.1|	JCVI_SCAF_1099266781602	22.49	169	104	8	940	1083	394	894	0.039	45.1
gi|662488888|gb|AIE48224.1|	CAMCTG_131937538	23.57	157	114	2	967	1117	689	219	0.040	45.1
gi|662488888|gb|AIE48224.1|	CAMCTG_132852521	29.85	134	73	6	948	1063	734	342	0.043	45.1
gi|662488888|gb|AIE48224.1|	JCVI_SCAF_1099266174461	23.85	239	152	9	539	753	838	140	0.047	45.4
gi|662488888|gb|AIE48224.1|	JCVI_SCAF_1099266799340	29.85	134	73	6	948	1063	1131	1523	0.047	45.4
gi|662488888|gb|AIE48224.1|	JCVI_SCAF_1099266157455	27.42	124	83	2	476	592	746	375	0.058	45.4
gi|662488888|gb|AIE48224.1|	JCVI_SCAF_1097156567529	26.95	141	89	5	729	859	1	411	0.061	45.1
gi|662488888|gb|AIE48224.1|	JCVI_SCAF_1099266492079	23.57	157	114	2	967	1117	689	219	0.073	45.1
gi|662488888|gb|AIE48224.1|	JCVI_SCAF_1099266887405	25.37	205	138	5	414	606	1596	991	0.074	45.1
gi|662488888|gb|AIE48224.1|	CAMCTG_131411330	34.62	78	45	2	426	499	384	611	0.13	43.5
gi|662488888|gb|AIE48224.1|	CAMCTG_131952536	26.83	82	60	0	1038	1119	354	109	0.18	41.6
gi|662488888|gb|AIE48224.1|	CAMCTG_133074857	38.78	49	29	1	543	590	310	456	0.27	42.7
gi|662488888|gb|AIE48224.1|	JCVI_SCAF_1099266119712	26.19	84	62	0	1036	1119	731	982	0.27	42.7
gi|662488888|gb|AIE48224.1|	CAMCTG_131207263	31.11	90	56	2	1075	1158	269	538	0.29	42.4
gi|662488888|gb|AIE48224.1|	JCVI_SCAF_1101670682774	26.92	104	75	1	472	574	438	749	0.34	42.4
gi|662488888|gb|AIE48224.1|	CAMCTG_133114222	28.09	89	58	3	412	500	283	35	0.36	42.0
gi|662488888|gb|AIE48224.1|	JCVI_SCAF_1099266682619	38.78	49	29	1	543	590	1640	1494	0.41	42.7
gi|662488888|gb|AIE48224.1|	JCVI_SCAF_1101670683799	50.00	40	18	1	457	496	3	116	0.49	41.6
gi|662488888|gb|AIE48224.1|	CAMCTG_131933309	21.23	179	128	6	962	1128	819	286	0.49	41.6
gi|662488888|gb|AIE48224.1|	JCVI_SCAF_1099266836181	31.11	90	56	2	1075	1158	269	538	0.56	42.0
gi|662488888|gb|AIE48224.1|	JCVI_SCAF_1099266787104	28.09	89	58	3	412	500	1437	1685	0.59	42.0
gi|662488888|gb|AIE48224.1|	JCVI_SCAF_1101670269135	29.03	93	59	2	1043	1131	1247	978	0.61	42.0
gi|662488888|gb|AIE48224.1|	JCVI_SCAF_1101670306320	42.22	45	26	0	1073	1117	309	443	0.62	40.4
gi|662488888|gb|AIE48224.1|	JCVI_SCAF_1096628313348	27.69	130	90	4	450	577	1383	1000	0.63	42.0
gi|662488888|gb|AIE48224.1|	CAMCTG_131747389	22.30	269	163	9	763	1000	864	103	0.76	41.2
gi|662488888|gb|AIE48224.1|	JCVI_SCAF_1099266831758	22.41	116	77	3	949	1051	513	860	0.83	41.6
gi|662488888|gb|AIE48224.1|	CAMCTG_131243674	22.41	116	77	3	949	1051	513	860	0.86	40.8
gi|662488888|gb|AIE48224.1|	JCVI_SCAF_1097207250627	46.34	41	22	0	1077	1117	259	381	0.92	41.2
gi|662488888|gb|AIE48224.1|	JCVI_SCAF_1101670661723	23.81	126	83	3	956	1068	476	853	0.99	40.8
gi|662488888|gb|AIE48224.1|	JCVI_SCAF_1101670286192	28.07	114	72	4	1016	1123	603	274	1.0	40.8
gi|662488888|gb|AIE48224.1|	CAMCTG_132952096	39.62	53	31	1	1199	1250	24	182	1.2	40.4
gi|662488888|gb|AIE48224.1|	JCVI_SCAF_1099266798343	24.59	122	77	2	564	685	1237	917	1.5	40.8
gi|662488888|gb|AIE48224.1|	JCVI_SCAF_1096628225418	23.81	126	83	3	956	1068	476	853	1.7	40.4
gi|662488888|gb|AIE48224.1|	CAMCTG_132869527	24.59	122	77	2	564	685	546	866	1.8	40.0
gi|662488888|gb|AIE48224.1|	CAMCTG_131228988	22.87	188	127	7	982	1153	358	915	2.1	39.7
gi|662488888|gb|AIE48224.1|	CAMCTG_131260024	41.18	51	29	1	758	807	740	588	2.2	39.7
gi|662488888|gb|AIE48224.1|	CAMCTG_131722180	29.29	99	55	2	1045	1128	725	429	2.5	39.3
gi|662488888|gb|AIE48224.1|	JCVI_SCAF_1101670522447	28.57	77	53	1	1048	1124	333	109	2.7	38.9
gi|662488888|gb|AIE48224.1|	CAMCTG_131526576	23.89	113	83	3	394	504	387	52	2.7	39.3
gi|662488888|gb|AIE48224.1|	JCVI_SCAF_1101670282055	33.33	54	34	2	1069	1121	757	599	2.8	39.7
gi|662488888|gb|AIE48224.1|	CAMCTG_131224076	19.83	121	80	4	898	1003	518	162	2.9	39.3
gi|662488888|gb|AIE48224.1|	JCVI_SCAF_1099266519119	23.89	113	83	3	394	504	387	52	3.2	39.3
gi|662488888|gb|AIE48224.1|	JCVI_SCAF_1099266756018	22.87	188	127	7	982	1153	358	915	3.5	39.7
gi|662488888|gb|AIE48224.1|	JCVI_SCAF_1099266135483	29.29	99	55	2	1045	1128	725	429	3.8	39.3
gi|662488888|gb|AIE48224.1|	JCVI_SCAF_1099266280266	28.57	77	53	1	1048	1124	850	626	3.8	38.9
gi|662488888|gb|AIE48224.1|	CAMCTG_133354733	28.57	77	53	1	1048	1124	764	540	4.1	38.9
gi|662488888|gb|AIE48224.1|	CAMCTG_132408699	33.33	60	38	1	434	493	174	1	4.4	38.5
gi|662488888|gb|AIE48224.1|	JCVI_SCAF_1099266829849	41.18	51	29	1	758	807	740	588	4.4	39.3
gi|662488888|gb|AIE48224.1|	JCVI_SCAF_1101669508302	24.53	106	70	1	1069	1164	494	811	4.4	39.3
gi|662488888|gb|AIE48224.1|	JCVI_SCAF_1099266834177	19.83	121	80	4	898	1003	1395	1751	5.0	38.9
gi|662488888|gb|AIE48224.1|	JCVI_SCAF_1101670529933	36.00	50	32	0	1075	1124	59	208	5.4	38.5
gi|662488888|gb|AIE48224.1|	CAMCTG_133358289	28.57	77	53	1	1048	1124	2307	2531	5.5	38.9
gi|662488888|gb|AIE48224.1|	JCVI_SCAF_1099266284346	28.57	77	53	1	1048	1124	31156	30932	6.0	39.3
gi|662488888|gb|AIE48224.1|	CAMCTG_133157329	28.57	77	53	1	1048	1124	367	591	6.3	38.9
gi|662488888|gb|AIE48224.1|	JCVI_SCAF_1099266864984	33.33	60	38	1	434	493	1776	1949	6.3	38.5
gi|662488888|gb|AIE48224.1|	JCVI_SCAF_1101670310250	31.48	54	35	2	1069	1121	355	197	6.7	37.7
gi|662488888|gb|AIE48224.1|	CAMCTG_132767045	25.00	128	78	6	949	1062	383	12	7.0	38.1
gi|662488888|gb|AIE48224.1|	CAMCTG_132674946	26.13	111	81	1	1020	1129	394	726	7.1	38.1
gi|662488888|gb|AIE48224.1|	JCVI_SCAF_1099266714752	48.39	31	16	0	218	248	655	563	7.2	38.5
gi|662488888|gb|AIE48224.1|	JCVI_SCAF_1096627200639	28.57	77	53	1	1048	1124	24873	24649	7.5	38.9
gi|662488888|gb|AIE48224.1|	JCVI_SCAF_1101670348880	31.48	54	35	2	1069	1121	569	727	7.6	38.5
gi|662488888|gb|AIE48224.1|	JCVI_SCAF_1099266697908	26.13	111	81	1	1020	1129	394	726	7.8	38.5
gi|662488888|gb|AIE48224.1|	JCVI_SCAF_1096627389640	28.57	77	53	1	1048	1124	23203	23427	7.9	38.9
gi|662488888|gb|AIE48224.1|	CAMCTG_132342009	48.39	31	16	0	218	248	655	563	8.0	37.7
gi|662488888|gb|AIE48224.1|	CAMCTG_132122183	25.83	120	80	3	1043	1158	148	492	8.1	37.7
gi|662488888|gb|AIE48224.1|	JCVI_SCAF_1101670317866	42.22	45	26	0	1073	1117	881	1015	8.2	38.1
gi|662488888|gb|AIE48224.1|	JCVI_SCAF_1099266284181	28.57	77	53	1	1048	1124	14537	14761	9.5	38.5
gi|662488888|gb|AIE48224.1|	JCVI_SCAF_1099266171697	33.72	86	49	3	98	177	1254	1003	9.5	38.1
gi|662488888|gb|AIE48224.1|	CAMCTG_131251653	33.72	86	49	3	98	177	629	880	9.6	37.7
gi|662488888|gb|AIE48224.1|	JCVI_SCAF_1099266268402	28.57	77	53	1	1048	1124	13071	12847	9.6	38.5
gi|662488888|gb|AIE48224.1|	JCVI_SCAF_1096627197685	28.57	77	53	1	1048	1124	29431	29655	9.6	38.5
