gi|662488887|gb|KF319019.1|	JCVI_SCAF_1097205165671	33.55	155	103	0	2115	2579	879	415	3e-39	  106
gi|662488887|gb|KF319019.1|	JCVI_SCAF_1097205165671	50.00	52	26	0	2586	2741	396	241	3e-39	71.2
gi|662488887|gb|KF319019.1|	JCVI_SCAF_1097205165671	52.38	21	10	0	2814	2876	180	118	3e-39	31.3
gi|662488887|gb|KF319019.1|	CAMCTG_131126203	33.55	155	103	0	2115	2579	879	415	3e-39	  106
gi|662488887|gb|KF319019.1|	CAMCTG_131126203	50.00	52	26	0	2586	2741	396	241	3e-39	71.2
gi|662488887|gb|KF319019.1|	CAMCTG_131126203	52.38	21	10	0	2814	2876	180	118	3e-39	31.3
gi|662488887|gb|KF319019.1|	CAMCTG_131341806	35.83	120	77	0	2223	2582	488	129	7e-39	  104
gi|662488887|gb|KF319019.1|	CAMCTG_131341806	36.19	105	67	0	1746	2060	953	639	7e-39	78.0
gi|662488887|gb|KF319019.1|	CAMCTG_131341806	41.03	39	23	0	2580	2696	119	3	7e-39	35.4
gi|662488887|gb|KF319019.1|	JCVI_SCAF_1099266819618	35.83	120	77	0	2223	2582	1472	1831	3e-38	  104
gi|662488887|gb|KF319019.1|	JCVI_SCAF_1099266819618	36.19	105	67	0	1746	2060	1007	1321	3e-38	78.0
gi|662488887|gb|KF319019.1|	JCVI_SCAF_1099266819618	41.03	39	23	0	2580	2696	1841	1957	3e-38	35.4
gi|662488887|gb|KF319019.1|	JCVI_SCAF_1101667468865	32.73	110	74	0	2184	2513	347	18	9e-36	94.1
gi|662488887|gb|KF319019.1|	JCVI_SCAF_1101667468865	38.53	109	67	0	1734	2060	785	459	9e-36	90.4
gi|662488887|gb|KF319019.1|	JCVI_SCAF_1101667468865	38.16	76	47	0	2059	1832	460	687	0.013	45.5
gi|662488887|gb|KF319019.1|	JCVI_SCAF_1101667468865	33.33	33	22	0	2516	2418	15	113	0.013	26.7
gi|662488887|gb|KF319019.1|	JCVI_SCAF_1099266454502	32.73	110	74	0	2184	2513	1421	1750	2e-35	94.1
gi|662488887|gb|KF319019.1|	JCVI_SCAF_1099266454502	38.53	109	67	0	1734	2060	983	1309	2e-35	90.4
gi|662488887|gb|KF319019.1|	JCVI_SCAF_1099266454502	38.16	76	47	0	2059	1832	1308	1081	0.028	45.5
gi|662488887|gb|KF319019.1|	JCVI_SCAF_1099266454502	33.33	33	22	0	2516	2418	1753	1655	0.028	26.7
gi|662488887|gb|KF319019.1|	JCVI_SCAF_1097205167304	31.62	136	93	0	2181	2588	1723	1316	4e-32	  106
gi|662488887|gb|KF319019.1|	JCVI_SCAF_1097205167304	39.22	51	31	0	2589	2741	1303	1151	4e-32	50.1
gi|662488887|gb|KF319019.1|	JCVI_SCAF_1097205167304	52.38	21	10	0	2814	2876	1084	1022	4e-32	27.6
gi|662488887|gb|KF319019.1|	CAMCTG_132802262	31.62	136	93	0	2181	2588	107	514	5e-32	  106
gi|662488887|gb|KF319019.1|	CAMCTG_132802262	39.22	51	31	0	2589	2741	527	679	5e-32	50.1
gi|662488887|gb|KF319019.1|	CAMCTG_132802262	52.38	21	10	0	2814	2876	746	808	5e-32	27.6
gi|662488887|gb|KF319019.1|	JCVI_SCAF_1099266696654	35.09	171	111	0	3189	3701	1595	1083	2e-28	  123
gi|662488887|gb|KF319019.1|	JCVI_SCAF_1099266696654	48.39	31	16	0	3738	3830	1028	936	2e-28	31.3
gi|662488887|gb|KF319019.1|	CAMCTG_132709701	35.09	171	111	0	3189	3701	195	707	2e-28	  123
gi|662488887|gb|KF319019.1|	CAMCTG_132709701	48.39	31	16	0	3738	3830	762	854	2e-28	31.3
gi|662488887|gb|KF319019.1|	JCVI_SCAF_1097205039503	34.62	104	68	0	2430	2741	372	61	9e-26	83.5
gi|662488887|gb|KF319019.1|	JCVI_SCAF_1097205039503	32.47	77	52	0	2181	2411	660	430	9e-26	62.0
gi|662488887|gb|KF319019.1|	CAMCTG_131337050	34.62	104	68	0	2430	2741	372	61	9e-26	83.5
gi|662488887|gb|KF319019.1|	CAMCTG_131337050	32.47	77	52	0	2181	2411	660	430	9e-26	62.0
gi|662488887|gb|KF319019.1|	JCVI_SCAF_1097263052042	24.16	178	135	0	3219	3752	558	1091	9e-26	84.0
gi|662488887|gb|KF319019.1|	JCVI_SCAF_1097263052042	45.65	46	25	0	2613	2750	3	140	9e-26	57.0
gi|662488887|gb|KF319019.1|	JCVI_SCAF_1097263052042	32.26	31	21	0	3123	3215	459	551	9e-26	31.3
gi|662488887|gb|KF319019.1|	JCVI_SCAF_1097263052042	30.00	30	21	0	3990	4079	1290	1379	9e-26	24.4
gi|662488887|gb|KF319019.1|	JCVI_SCAF_1099266728950	37.33	75	47	0	1875	2099	918	694	1e-23	64.3
gi|662488887|gb|KF319019.1|	JCVI_SCAF_1099266728950	30.30	66	46	0	2184	2381	630	433	1e-23	55.1
gi|662488887|gb|KF319019.1|	JCVI_SCAF_1099266728950	32.08	53	36	0	2421	2579	333	175	1e-23	36.3
gi|662488887|gb|KF319019.1|	CAMCTG_132062255	37.33	75	47	0	1875	2099	918	694	1e-23	64.3
gi|662488887|gb|KF319019.1|	CAMCTG_132062255	30.30	66	46	0	2184	2381	630	433	1e-23	55.1
gi|662488887|gb|KF319019.1|	CAMCTG_132062255	32.08	53	36	0	2421	2579	333	175	1e-23	36.3
gi|662488887|gb|KF319019.1|	JCVI_SCAF_1099266690416	31.43	70	48	0	3429	3638	211	2	8e-22	60.6
gi|662488887|gb|KF319019.1|	JCVI_SCAF_1099266690416	27.42	62	45	0	3219	3404	424	239	8e-22	43.7
gi|662488887|gb|KF319019.1|	JCVI_SCAF_1099266690416	43.24	37	21	0	3105	3215	541	431	8e-22	41.8
gi|662488887|gb|KF319019.1|	JCVI_SCAF_1099266690416	35.29	34	22	0	2193	2294	1057	956	8e-22	29.9
gi|662488887|gb|KF319019.1|	JCVI_SCAF_1099266690416	44.00	25	14	0	2814	2888	796	722	8e-22	27.6
gi|662488887|gb|KF319019.1|	JCVI_SCAF_1099266108452	36.00	75	48	0	1872	2096	1254	1478	4e-21	68.0
gi|662488887|gb|KF319019.1|	JCVI_SCAF_1099266108452	35.48	62	40	0	2184	2369	1548	1733	4e-21	52.4
gi|662488887|gb|KF319019.1|	JCVI_SCAF_1099266108452	33.33	36	24	0	1719	1826	1098	1205	4e-21	27.2
gi|662488887|gb|KF319019.1|	JCVI_SCAF_1099266108452	36.99	73	46	0	3489	3707	721	503	5e-13	55.1
gi|662488887|gb|KF319019.1|	JCVI_SCAF_1099266108452	34.62	52	34	0	3306	3461	907	752	5e-13	47.3
gi|662488887|gb|KF319019.1|	CAMCTG_132175569	36.00	75	48	0	1872	2096	499	275	4e-21	68.0
gi|662488887|gb|KF319019.1|	CAMCTG_132175569	35.48	62	40	0	2184	2369	205	20	4e-21	52.4
gi|662488887|gb|KF319019.1|	CAMCTG_132175569	33.33	36	24	0	1719	1826	655	548	4e-21	27.2
gi|662488887|gb|KF319019.1|	JCVI_SCAF_1099266686408	33.87	62	41	0	3219	3404	1637	1822	5e-21	52.4
gi|662488887|gb|KF319019.1|	JCVI_SCAF_1099266686408	39.66	58	35	0	2586	2759	1019	1192	5e-21	51.5
gi|662488887|gb|KF319019.1|	JCVI_SCAF_1099266686408	28.33	60	43	0	1884	2063	743	922	5e-21	41.8
gi|662488887|gb|KF319019.1|	JCVI_SCAF_1099266686408	29.27	41	29	0	3093	3215	1508	1630	5e-21	35.0
gi|662488887|gb|KF319019.1|	CAMCTG_132858740	31.43	70	48	0	3429	3638	211	2	9e-21	60.6
gi|662488887|gb|KF319019.1|	CAMCTG_132858740	27.42	62	45	0	3219	3404	424	239	9e-21	43.7
gi|662488887|gb|KF319019.1|	CAMCTG_132858740	43.24	37	21	0	3105	3215	541	431	9e-21	41.8
gi|662488887|gb|KF319019.1|	JCVI_SCAF_1096627145138	34.91	106	69	0	1734	2051	811	1128	2e-20	76.7
gi|662488887|gb|KF319019.1|	JCVI_SCAF_1096627145138	38.89	72	44	0	2529	2744	1606	1821	2e-20	57.4
gi|662488887|gb|KF319019.1|	JCVI_SCAF_1097156391051	34.91	106	69	0	1734	2051	1106	789	2e-20	76.7
gi|662488887|gb|KF319019.1|	JCVI_SCAF_1097156391051	38.89	72	44	0	2529	2744	311	96	2e-20	57.4
gi|662488887|gb|KF319019.1|	JCVI_SCAF_1099266809598	35.11	131	85	0	2190	2582	1069	1461	5e-20	  106
gi|662488887|gb|KF319019.1|	JCVI_SCAF_1099266809598	35.85	53	34	0	2380	2222	1259	1101	0.026	35.0
gi|662488887|gb|KF319019.1|	JCVI_SCAF_1099266809598	40.00	35	21	0	2563	2459	1442	1338	0.026	30.9
gi|662488887|gb|KF319019.1|	CAMCTG_132673535	35.11	131	85	0	2190	2582	806	414	5e-20	  106
gi|662488887|gb|KF319019.1|	CAMCTG_132673535	35.85	53	34	0	2380	2222	616	774	0.027	35.0
gi|662488887|gb|KF319019.1|	CAMCTG_132673535	40.00	35	21	0	2563	2459	433	537	0.027	30.9
gi|662488887|gb|KF319019.1|	JCVI_SCAF_1097205063977	33.33	93	62	0	1776	2054	1340	1062	6e-20	63.4
gi|662488887|gb|KF319019.1|	JCVI_SCAF_1097205063977	41.18	51	30	0	2592	2744	397	245	6e-20	49.2
gi|662488887|gb|KF319019.1|	JCVI_SCAF_1097205063977	31.48	54	37	0	2262	2423	766	605	6e-20	42.8
gi|662488887|gb|KF319019.1|	CAMCTG_131733354	31.19	109	75	0	3219	3545	331	5	2e-18	75.8
gi|662488887|gb|KF319019.1|	CAMCTG_131733354	41.86	43	25	0	2613	2741	937	809	2e-18	41.4
gi|662488887|gb|KF319019.1|	CAMCTG_131733354	52.38	21	10	0	2814	2876	730	668	2e-18	31.3
gi|662488887|gb|KF319019.1|	JCVI_SCAF_1101669473097	37.37	99	62	0	2283	2579	7	303	2e-18	80.3
gi|662488887|gb|KF319019.1|	JCVI_SCAF_1101669473097	28.57	49	35	0	3432	3578	1171	1317	2e-18	31.3
gi|662488887|gb|KF319019.1|	JCVI_SCAF_1101669473097	27.59	58	42	0	2589	2762	325	498	2e-18	30.9
gi|662488887|gb|KF319019.1|	JCVI_SCAF_1101669473097	23.33	30	23	0	3129	3218	838	927	2e-18	27.6
gi|662488887|gb|KF319019.1|	JCVI_SCAF_1099266512884	34.67	75	49	0	2355	2579	951	1175	2e-18	61.6
gi|662488887|gb|KF319019.1|	JCVI_SCAF_1099266512884	35.09	57	37	0	2586	2756	1194	1364	2e-18	52.4
gi|662488887|gb|KF319019.1|	JCVI_SCAF_1099266512884	29.79	47	33	0	2814	2954	1416	1556	2e-18	24.0
gi|662488887|gb|KF319019.1|	CAMCTG_131602710	34.67	75	49	0	2355	2579	824	600	2e-18	61.6
gi|662488887|gb|KF319019.1|	CAMCTG_131602710	35.09	57	37	0	2586	2756	581	411	2e-18	52.4
gi|662488887|gb|KF319019.1|	CAMCTG_131602710	29.79	47	33	0	2814	2954	359	219	2e-18	24.0
gi|662488887|gb|KF319019.1|	JCVI_SCAF_1099266686946	49.53	107	54	0	1647	1967	1712	1392	4e-18	  100
gi|662488887|gb|KF319019.1|	JCVI_SCAF_1099266686946	42.86	98	56	0	1969	1676	1390	1683	5e-04	53.8
gi|662488887|gb|KF319019.1|	CAMCTG_132952089	49.53	107	54	0	1647	1967	167	487	4e-18	  100
gi|662488887|gb|KF319019.1|	CAMCTG_132952089	42.86	98	56	0	1969	1676	489	196	5e-04	53.8
gi|662488887|gb|KF319019.1|	JCVI_SCAF_1099266124756	32.28	127	86	0	1734	2114	11	391	5e-18	82.2
gi|662488887|gb|KF319019.1|	JCVI_SCAF_1099266124756	33.33	45	30	0	2190	2324	449	583	5e-18	37.3
gi|662488887|gb|KF319019.1|	CAMCTG_131875823	32.28	127	86	0	1734	2114	11	391	5e-18	82.2
gi|662488887|gb|KF319019.1|	CAMCTG_131875823	33.33	45	30	0	2190	2324	449	583	5e-18	37.3
gi|662488887|gb|KF319019.1|	JCVI_SCAF_1099266134627	31.19	109	75	0	3219	3545	331	5	6e-18	75.8
gi|662488887|gb|KF319019.1|	JCVI_SCAF_1099266134627	41.86	43	25	0	2613	2741	937	809	6e-18	41.4
gi|662488887|gb|KF319019.1|	JCVI_SCAF_1099266134627	52.38	21	10	0	2814	2876	730	668	6e-18	31.3
gi|662488887|gb|KF319019.1|	JCVI_SCAF_1101669128057	33.03	109	73	0	2418	2744	774	448	7e-18	86.3
gi|662488887|gb|KF319019.1|	JCVI_SCAF_1101669128057	42.42	33	19	0	2814	2912	384	286	7e-18	32.7
gi|662488887|gb|KF319019.1|	JCVI_SCAF_1101670347272	36.17	94	60	0	2469	2750	3	284	9e-18	72.5
gi|662488887|gb|KF319019.1|	JCVI_SCAF_1101670347272	42.11	38	22	0	2814	2927	342	455	9e-18	36.3
gi|662488887|gb|KF319019.1|	JCVI_SCAF_1101670347272	24.44	45	34	0	3219	3353	711	845	9e-18	32.7
gi|662488887|gb|KF319019.1|	JCVI_SCAF_1101670347272	40.00	25	15	0	3525	3599	1047	1121	9e-18	27.2
gi|662488887|gb|KF319019.1|	JCVI_SCAF_1097263518746	39.39	99	60	0	1734	2030	97	393	2e-17	73.5
gi|662488887|gb|KF319019.1|	JCVI_SCAF_1097263518746	31.82	44	30	0	2184	2315	535	666	2e-17	31.8
gi|662488887|gb|KF319019.1|	JCVI_SCAF_1097263518746	42.86	28	16	0	2328	2411	685	768	2e-17	29.5
gi|662488887|gb|KF319019.1|	JCVI_SCAF_1097263518746	44.44	27	15	0	2661	2741	974	1054	2e-17	28.1
gi|662488887|gb|KF319019.1|	JCVI_SCAF_1097263518746	47.62	21	11	0	2814	2876	1121	1183	2e-17	25.4
gi|662488887|gb|KF319019.1|	JCVI_SCAF_1097205046362	26.09	92	68	0	2232	2507	570	295	4e-17	68.4
gi|662488887|gb|KF319019.1|	JCVI_SCAF_1097205046362	36.54	52	33	0	2586	2741	180	25	4e-17	47.8
gi|662488887|gb|KF319019.1|	CAMCTG_131136770	26.37	91	67	0	2235	2507	567	295	4e-17	68.4
gi|662488887|gb|KF319019.1|	CAMCTG_131136770	36.54	52	33	0	2586	2741	180	25	4e-17	47.8
gi|662488887|gb|KF319019.1|	JCVI_SCAF_1097205035281	40.38	52	31	0	1878	2033	710	865	6e-17	54.7
gi|662488887|gb|KF319019.1|	JCVI_SCAF_1097205035281	22.97	74	57	0	2190	2411	993	1214	6e-17	43.2
gi|662488887|gb|KF319019.1|	JCVI_SCAF_1097205035281	34.00	50	33	0	2430	2579	1248	1397	6e-17	35.9
gi|662488887|gb|KF319019.1|	JCVI_SCAF_1097205035281	44.44	27	15	0	1740	1820	566	646	6e-17	32.7
gi|662488887|gb|KF319019.1|	CAMCTG_132967986	28.68	136	97	0	3219	3626	472	879	7e-16	93.2
gi|662488887|gb|KF319019.1|	JCVI_SCAF_1099266686357	28.68	136	97	0	3219	3626	1319	912	7e-16	93.2
gi|662488887|gb|KF319019.1|	CAMCTG_132966765	33.87	62	41	0	3219	3404	244	59	9e-16	52.4
gi|662488887|gb|KF319019.1|	CAMCTG_132966765	39.66	58	35	0	2586	2759	862	689	9e-16	51.5
gi|662488887|gb|KF319019.1|	CAMCTG_132966765	29.27	41	29	0	3093	3215	373	251	9e-16	35.0
gi|662488887|gb|KF319019.1|	JCVI_SCAF_1101670418027	47.46	59	31	0	3588	3764	1108	932	6e-15	61.1
gi|662488887|gb|KF319019.1|	JCVI_SCAF_1101670418027	30.99	71	49	0	3375	3587	1318	1106	6e-15	47.8
gi|662488887|gb|KF319019.1|	CAMCTG_131731047	39.39	99	60	0	1734	2030	97	393	1e-14	73.5
gi|662488887|gb|KF319019.1|	CAMCTG_131731047	31.82	44	30	0	2184	2315	535	666	1e-14	31.8
gi|662488887|gb|KF319019.1|	CAMCTG_131731047	42.86	28	16	0	2328	2411	685	768	1e-14	29.5
gi|662488887|gb|KF319019.1|	JCVI_SCAF_1099266745953	30.26	76	53	0	1884	2111	927	1154	2e-14	60.6
gi|662488887|gb|KF319019.1|	JCVI_SCAF_1099266745953	31.82	66	45	0	2184	2381	1209	1406	2e-14	46.9
gi|662488887|gb|KF319019.1|	CAMCTG_131347113	30.26	76	53	0	1884	2111	722	495	2e-14	60.6
gi|662488887|gb|KF319019.1|	CAMCTG_131347113	31.82	66	45	0	2184	2381	440	243	2e-14	46.9
gi|662488887|gb|KF319019.1|	JCVI_SCAF_1097205035037	36.54	52	33	0	1935	2090	773	928	2e-14	48.7
gi|662488887|gb|KF319019.1|	JCVI_SCAF_1097205035037	34.69	49	32	0	2604	2750	996	1142	2e-14	46.0
gi|662488887|gb|KF319019.1|	JCVI_SCAF_1097205035037	36.62	71	45	0	1728	1940	559	771	2e-14	40.5
gi|662488887|gb|KF319019.1|	JCVI_SCAF_1099266461489	38.64	44	27	0	2586	2717	142	11	6e-14	41.8
gi|662488887|gb|KF319019.1|	JCVI_SCAF_1099266461489	37.50	48	30	0	2436	2579	304	161	6e-14	40.9
gi|662488887|gb|KF319019.1|	JCVI_SCAF_1099266461489	31.37	51	35	0	2259	2411	499	347	6e-14	40.0
gi|662488887|gb|KF319019.1|	CAMCTG_132740675	38.64	44	27	0	2586	2717	142	11	6e-14	41.8
gi|662488887|gb|KF319019.1|	CAMCTG_132740675	37.50	48	30	0	2436	2579	304	161	6e-14	40.9
gi|662488887|gb|KF319019.1|	CAMCTG_132740675	31.37	51	35	0	2259	2411	499	347	6e-14	40.0
gi|662488887|gb|KF319019.1|	JCVI_SCAF_1097205168886	50.94	53	26	0	2592	2750	1347	1189	1e-13	66.6
gi|662488887|gb|KF319019.1|	JCVI_SCAF_1097205168886	31.25	48	33	0	2430	2573	1524	1381	1e-13	38.2
gi|662488887|gb|KF319019.1|	CAMCTG_131470523	50.94	53	26	0	2592	2750	210	368	1e-13	66.6
gi|662488887|gb|KF319019.1|	CAMCTG_131470523	31.25	48	33	0	2430	2573	33	176	1e-13	38.2
gi|662488887|gb|KF319019.1|	JCVI_SCAF_1097156578274	35.94	64	41	0	2589	2780	1170	979	4e-13	52.8
gi|662488887|gb|KF319019.1|	JCVI_SCAF_1097156578274	36.11	36	23	0	3219	3326	520	413	4e-13	37.7
gi|662488887|gb|KF319019.1|	JCVI_SCAF_1097156578274	33.33	45	30	0	3432	3566	292	158	4e-13	35.0
gi|662488887|gb|KF319019.1|	JCVI_SCAF_1097156578274	36.00	25	16	0	3108	3182	646	572	4e-13	26.3
gi|662488887|gb|KF319019.1|	CAMCTG_132175574	36.99	73	46	0	3489	3707	721	503	5e-13	55.1
gi|662488887|gb|KF319019.1|	CAMCTG_132175574	34.62	52	34	0	3306	3461	907	752	5e-13	47.3
gi|662488887|gb|KF319019.1|	JCVI_SCAF_1101670324532	36.27	102	65	0	1734	2039	372	67	1e-12	73.9
gi|662488887|gb|KF319019.1|	JCVI_SCAF_1101670324532	43.48	23	13	0	1017	1085	1278	1210	1e-12	33.6
gi|662488887|gb|KF319019.1|	JCVI_SCAF_1101670680083	38.95	95	58	0	2436	2720	124	408	5e-12	76.2
gi|662488887|gb|KF319019.1|	JCVI_SCAF_1101670680083	40.91	22	13	0	2814	2879	499	564	5e-12	23.1
gi|662488887|gb|KF319019.1|	CAMCTG_131188293	31.25	64	44	0	2283	2474	870	679	6e-12	52.8
gi|662488887|gb|KF319019.1|	CAMCTG_131188293	47.06	51	27	0	2592	2744	543	391	6e-12	48.3
gi|662488887|gb|KF319019.1|	CAMCTG_131188293	35.48	31	20	0	2814	2906	324	232	6e-12	24.4
gi|662488887|gb|KF319019.1|	JCVI_SCAF_1099266719208	34.21	114	75	0	1719	2060	127	468	2e-11	78.5
gi|662488887|gb|KF319019.1|	CAMCTG_132250667	34.21	114	75	0	1719	2060	127	468	2e-11	78.5
gi|662488887|gb|KF319019.1|	JCVI_SCAF_1099266838605	31.25	64	44	0	2283	2474	780	971	2e-11	52.8
gi|662488887|gb|KF319019.1|	JCVI_SCAF_1099266838605	47.06	51	27	0	2592	2744	1107	1259	2e-11	48.3
gi|662488887|gb|KF319019.1|	JCVI_SCAF_1099266838605	35.48	31	20	0	2814	2906	1326	1418	2e-11	24.4
gi|662488887|gb|KF319019.1|	JCVI_SCAF_1101670240895	35.51	107	69	0	1719	2039	850	530	2e-11	78.0
gi|662488887|gb|KF319019.1|	JCVI_SCAF_1101670240895	47.22	36	19	0	2020	1913	549	656	6.2	33.6
gi|662488887|gb|KF319019.1|	JCVI_SCAF_1101670240895	58.33	12	5	0	1788	1753	781	816	6.2	24.0
gi|662488887|gb|KF319019.1|	JCVI_SCAF_1099266864767	25.27	91	68	0	2316	2588	640	912	2e-10	56.5
gi|662488887|gb|KF319019.1|	JCVI_SCAF_1099266864767	31.43	35	24	0	1728	1832	46	150	2e-10	33.6
gi|662488887|gb|KF319019.1|	JCVI_SCAF_1099266864767	35.00	20	13	0	3264	3323	1408	1467	2e-10	32.7
gi|662488887|gb|KF319019.1|	JCVI_SCAF_1099266785003	31.08	74	51	0	2217	2438	401	180	2e-10	64.3
gi|662488887|gb|KF319019.1|	JCVI_SCAF_1099266785003	24.00	50	38	0	1869	2018	737	588	2e-10	36.3
gi|662488887|gb|KF319019.1|	JCVI_SCAF_1096627277175	31.08	74	51	0	2217	2438	401	180	2e-10	64.3
gi|662488887|gb|KF319019.1|	JCVI_SCAF_1096627277175	24.00	50	38	0	1869	2018	737	588	2e-10	36.3
gi|662488887|gb|KF319019.1|	JCVI_SCAF_1099266859748	27.50	80	58	0	2181	2420	428	667	3e-10	52.4
gi|662488887|gb|KF319019.1|	JCVI_SCAF_1099266859748	38.00	50	31	0	2430	2579	782	931	3e-10	40.5
gi|662488887|gb|KF319019.1|	CAMCTG_132482816	27.50	80	58	0	2181	2420	428	667	3e-10	52.4
gi|662488887|gb|KF319019.1|	CAMCTG_132482816	38.00	50	31	0	2430	2579	782	931	3e-10	40.5
gi|662488887|gb|KF319019.1|	CAMCTG_133103452	36.96	92	58	0	2436	2711	516	791	2e-09	71.6
gi|662488887|gb|KF319019.1|	JCVI_SCAF_1099266787543	36.96	92	58	0	2436	2711	1283	1008	2e-09	71.6
gi|662488887|gb|KF319019.1|	CAMCTG_131551394	28.89	90	64	0	3432	3701	361	92	3e-09	57.0
gi|662488887|gb|KF319019.1|	CAMCTG_131551394	34.21	38	25	0	3102	3215	701	588	3e-09	38.2
gi|662488887|gb|KF319019.1|	CAMCTG_131461307	36.54	52	33	0	1935	2090	773	928	4e-09	48.7
gi|662488887|gb|KF319019.1|	CAMCTG_131461307	36.62	71	45	0	1728	1940	559	771	4e-09	40.5
gi|662488887|gb|KF319019.1|	JCVI_SCAF_1099266743629	36.07	61	39	0	1878	2060	1652	1470	5e-09	54.2
gi|662488887|gb|KF319019.1|	JCVI_SCAF_1099266743629	50.00	24	12	0	3249	3320	456	385	5e-09	31.8
gi|662488887|gb|KF319019.1|	JCVI_SCAF_1099266743629	27.59	58	42	0	2403	2576	1073	900	5e-09	27.2
gi|662488887|gb|KF319019.1|	JCVI_SCAF_1099266743629	34.38	32	21	0	3432	3527	255	160	5e-09	25.4
gi|662488887|gb|KF319019.1|	JCVI_SCAF_1099266149443	28.89	90	64	0	3432	3701	361	92	6e-09	57.0
gi|662488887|gb|KF319019.1|	JCVI_SCAF_1099266149443	34.21	38	25	0	3102	3215	701	588	6e-09	38.2
gi|662488887|gb|KF319019.1|	JCVI_SCAF_1099266813452	35.71	70	45	0	2433	2642	608	817	1e-08	49.6
gi|662488887|gb|KF319019.1|	JCVI_SCAF_1099266813452	31.43	35	24	0	2301	2405	455	559	1e-08	29.0
gi|662488887|gb|KF319019.1|	JCVI_SCAF_1099266813452	64.71	17	6	0	2253	2303	404	454	1e-08	25.8
gi|662488887|gb|KF319019.1|	CAMCTG_131399071	35.71	70	45	0	2433	2642	608	817	1e-08	49.6
gi|662488887|gb|KF319019.1|	CAMCTG_131399071	31.43	35	24	0	2301	2405	455	559	1e-08	29.0
gi|662488887|gb|KF319019.1|	CAMCTG_131399071	64.71	17	6	0	2253	2303	404	454	1e-08	25.8
gi|662488887|gb|KF319019.1|	JCVI_SCAF_1101670493359	32.76	116	78	0	1749	2096	423	770	1e-08	68.9
gi|662488887|gb|KF319019.1|	JCVI_SCAF_1099266511270	28.57	84	60	0	3432	3683	1345	1094	1e-08	44.6
gi|662488887|gb|KF319019.1|	JCVI_SCAF_1099266511270	26.67	60	44	0	3264	3443	1516	1337	1e-08	42.8
gi|662488887|gb|KF319019.1|	JCVI_SCAF_1099266803165	41.10	73	43	0	1719	1937	1324	1106	1e-08	51.5
gi|662488887|gb|KF319019.1|	JCVI_SCAF_1099266803165	38.24	34	21	0	1950	2051	1066	965	1e-08	35.9
gi|662488887|gb|KF319019.1|	CAMCTG_131457011	40.38	52	31	0	1878	2033	710	865	1e-08	54.7
gi|662488887|gb|KF319019.1|	CAMCTG_131457011	44.44	27	15	0	1740	1820	566	646	1e-08	32.7
gi|662488887|gb|KF319019.1|	CAMCTG_132786821	41.10	73	43	0	1719	1937	69	287	1e-08	51.5
gi|662488887|gb|KF319019.1|	CAMCTG_132786821	38.24	34	21	0	1950	2051	327	428	1e-08	35.9
gi|662488887|gb|KF319019.1|	CAMCTG_131622228	28.57	84	60	0	3432	3683	177	428	1e-08	44.6
gi|662488887|gb|KF319019.1|	CAMCTG_131622228	26.67	60	44	0	3264	3443	6	185	1e-08	42.8
gi|662488887|gb|KF319019.1|	CAMCTG_131561682	41.18	51	30	0	2592	2744	397	245	3e-08	49.2
gi|662488887|gb|KF319019.1|	CAMCTG_131561682	31.48	54	37	0	2262	2423	766	605	3e-08	42.8
gi|662488887|gb|KF319019.1|	CAMCTG_132411355	25.27	91	68	0	2316	2588	640	912	9e-08	56.5
gi|662488887|gb|KF319019.1|	CAMCTG_132411355	31.43	35	24	0	1728	1832	46	150	9e-08	33.6
gi|662488887|gb|KF319019.1|	JCVI_SCAF_1099266818698	29.17	96	68	0	2226	2513	1162	875	1e-07	64.3
gi|662488887|gb|KF319019.1|	JCVI_SCAF_1099266818698	55.56	18	8	0	2706	2759	797	744	1e-07	26.3
gi|662488887|gb|KF319019.1|	JCVI_SCAF_1101670189797	48.28	29	15	0	2589	2675	108	22	2e-07	43.2
gi|662488887|gb|KF319019.1|	JCVI_SCAF_1101670189797	32.65	49	33	0	1941	2087	755	609	2e-07	35.4
gi|662488887|gb|KF319019.1|	JCVI_SCAF_1101670189797	52.17	23	11	0	1731	1799	958	890	2e-07	32.7
gi|662488887|gb|KF319019.1|	JCVI_SCAF_1099266173023	41.46	41	24	0	2457	2579	908	1030	3e-07	43.2
gi|662488887|gb|KF319019.1|	JCVI_SCAF_1099266173023	34.69	49	32	0	2586	2732	1052	1198	3e-07	39.6
gi|662488887|gb|KF319019.1|	CAMCTG_131231380	41.46	41	24	0	2457	2579	735	613	3e-07	43.2
gi|662488887|gb|KF319019.1|	CAMCTG_131231380	34.69	49	32	0	2586	2732	591	445	3e-07	39.6
gi|662488887|gb|KF319019.1|	JCVI_SCAF_1101670673919	45.31	64	35	0	2436	2627	526	717	3e-07	64.3
gi|662488887|gb|KF319019.1|	CAMCTG_131349110	29.17	96	68	0	2226	2513	681	968	3e-07	64.3
gi|662488887|gb|KF319019.1|	JCVI_SCAF_1096628337141	45.31	64	35	0	2436	2627	1122	931	3e-07	64.3
gi|662488887|gb|KF319019.1|	JCVI_SCAF_1099266812260	39.62	53	32	0	2586	2744	689	531	4e-07	45.5
gi|662488887|gb|KF319019.1|	JCVI_SCAF_1099266812260	46.43	28	15	0	1734	1817	1432	1349	4e-07	35.0
gi|662488887|gb|KF319019.1|	JCVI_SCAF_1099266812260	37.50	24	15	0	1986	2057	1097	1026	4e-07	30.9
gi|662488887|gb|KF319019.1|	CAMCTG_132032228	35.09	57	37	0	1875	2045	573	403	4e-07	49.2
gi|662488887|gb|KF319019.1|	CAMCTG_132032228	50.00	32	16	0	1620	1715	825	730	4e-07	38.6
gi|662488887|gb|KF319019.1|	CAMCTG_132032228	38.04	92	57	0	2029	1754	419	694	0.003	41.4
gi|662488887|gb|KF319019.1|	CAMCTG_132032228	43.33	30	17	0	1708	1619	737	826	0.003	27.6
gi|662488887|gb|KF319019.1|	CAMCTG_132040665	36.11	36	23	0	3219	3326	520	413	4e-07	37.7
gi|662488887|gb|KF319019.1|	CAMCTG_132040665	33.33	45	30	0	3432	3566	292	158	4e-07	35.0
gi|662488887|gb|KF319019.1|	CAMCTG_132040665	36.00	25	16	0	3108	3182	646	572	4e-07	26.3
gi|662488887|gb|KF319019.1|	CAMCTG_131789193	39.73	73	44	0	1884	2102	386	168	4e-07	63.8
gi|662488887|gb|KF319019.1|	JCVI_SCAF_1099266739083	39.73	73	44	0	1884	2102	1618	1836	4e-07	63.8
gi|662488887|gb|KF319019.1|	JCVI_SCAF_1099266469312	30.16	63	44	0	1926	2114	1430	1618	6e-07	46.4
gi|662488887|gb|KF319019.1|	JCVI_SCAF_1099266469312	44.83	29	16	0	1734	1820	1236	1322	6e-07	35.4
gi|662488887|gb|KF319019.1|	CAMCTG_132520188	30.16	63	44	0	1926	2114	368	180	6e-07	46.4
gi|662488887|gb|KF319019.1|	CAMCTG_132520188	44.83	29	16	0	1734	1820	562	476	6e-07	35.4
gi|662488887|gb|KF319019.1|	CAMCTG_131607674	33.33	93	62	0	1776	2054	483	761	6e-07	63.4
gi|662488887|gb|KF319019.1|	JCVI_SCAF_1099266116518	29.85	67	47	0	2184	2384	1358	1158	8e-07	44.1
gi|662488887|gb|KF319019.1|	JCVI_SCAF_1099266116518	27.42	62	45	0	1878	2063	1649	1464	8e-07	37.3
gi|662488887|gb|KF319019.1|	CAMCTG_132012218	29.85	67	47	0	2184	2384	748	948	8e-07	44.1
gi|662488887|gb|KF319019.1|	CAMCTG_132012218	27.42	62	45	0	1878	2063	457	642	8e-07	37.3
gi|662488887|gb|KF319019.1|	CAMCTG_131188043	31.37	102	70	0	2427	2732	129	434	8e-07	62.9
gi|662488887|gb|KF319019.1|	JCVI_SCAF_1099266838650	31.37	102	70	0	2427	2732	1792	1487	8e-07	62.9
gi|662488887|gb|KF319019.1|	JCVI_SCAF_1099266730760	35.09	57	37	0	1875	2045	573	403	9e-07	49.2
gi|662488887|gb|KF319019.1|	JCVI_SCAF_1099266730760	50.00	32	16	0	1620	1715	825	730	9e-07	38.6
gi|662488887|gb|KF319019.1|	JCVI_SCAF_1099266730760	38.04	92	57	0	2029	1754	419	694	0.003	41.4
gi|662488887|gb|KF319019.1|	JCVI_SCAF_1099266730760	43.33	30	17	0	1708	1619	737	826	0.003	27.6
gi|662488887|gb|KF319019.1|	CAMCTG_132401960	30.56	108	75	0	1728	2051	600	277	1e-06	60.2
gi|662488887|gb|KF319019.1|	CAMCTG_132401960	37.04	27	17	0	2232	2312	108	28	1e-06	25.8
gi|662488887|gb|KF319019.1|	JCVI_SCAF_1099266170085	42.11	57	33	0	3531	3701	791	961	1e-06	57.4
gi|662488887|gb|KF319019.1|	JCVI_SCAF_1099266170085	36.67	30	19	0	3738	3827	997	1086	1e-06	23.1
gi|662488887|gb|KF319019.1|	CAMCTG_131276075	42.11	57	33	0	3531	3701	657	487	1e-06	57.4
gi|662488887|gb|KF319019.1|	CAMCTG_131276075	36.67	30	19	0	3738	3827	451	362	1e-06	23.1
gi|662488887|gb|KF319019.1|	JCVI_SCAF_1101670690635	27.59	58	42	0	2580	2753	736	563	3e-06	40.9
gi|662488887|gb|KF319019.1|	JCVI_SCAF_1101670690635	40.00	30	18	0	2493	2582	841	752	3e-06	30.4
gi|662488887|gb|KF319019.1|	JCVI_SCAF_1101670690635	42.86	21	12	0	2814	2876	514	452	3e-06	24.9
gi|662488887|gb|KF319019.1|	JCVI_SCAF_1099266865504	30.56	108	75	0	1728	2051	1193	1516	3e-06	60.2
gi|662488887|gb|KF319019.1|	JCVI_SCAF_1099266865504	37.04	27	17	0	2232	2312	1685	1765	3e-06	25.8
gi|662488887|gb|KF319019.1|	CAMCTG_131153282	30.77	78	54	0	2181	2414	342	109	3e-06	60.2
gi|662488887|gb|KF319019.1|	CAMCTG_131153282	61.54	13	5	0	1734	1772	783	745	3e-06	24.4
gi|662488887|gb|KF319019.1|	CAMCTG_132680932	22.97	74	57	0	2190	2411	858	637	4e-06	43.2
gi|662488887|gb|KF319019.1|	CAMCTG_132680932	34.00	50	33	0	2430	2579	603	454	4e-06	35.9
gi|662488887|gb|KF319019.1|	JCVI_SCAF_1099266763452	30.77	78	54	0	2181	2414	1484	1717	6e-06	60.2
gi|662488887|gb|KF319019.1|	JCVI_SCAF_1099266710919	40.00	40	24	0	1941	2060	765	884	7e-06	40.5
gi|662488887|gb|KF319019.1|	JCVI_SCAF_1099266710919	29.23	65	46	0	1746	1940	564	758	7e-06	37.7
gi|662488887|gb|KF319019.1|	CAMCTG_132423741	40.00	40	24	0	1941	2060	765	884	7e-06	40.5
gi|662488887|gb|KF319019.1|	CAMCTG_132423741	29.23	65	46	0	1746	1940	564	758	7e-06	37.7
gi|662488887|gb|KF319019.1|	JCVI_SCAF_1099266889515	39.53	43	26	0	2592	2720	727	855	9e-06	43.2
gi|662488887|gb|KF319019.1|	JCVI_SCAF_1099266889515	30.61	49	34	0	2433	2579	556	702	9e-06	34.5
gi|662488887|gb|KF319019.1|	CAMCTG_132257107	36.76	68	43	0	2376	2579	198	401	9e-06	54.2
gi|662488887|gb|KF319019.1|	CAMCTG_132257107	44.00	25	14	0	2814	2888	642	716	9e-06	29.0
gi|662488887|gb|KF319019.1|	CAMCTG_132091859	39.53	43	26	0	2592	2720	727	855	9e-06	43.2
gi|662488887|gb|KF319019.1|	CAMCTG_132091859	30.61	49	34	0	2433	2579	556	702	9e-06	34.5
gi|662488887|gb|KF319019.1|	CAMCTG_131856889	29.03	62	44	0	690	875	445	630	1e-05	40.5
gi|662488887|gb|KF319019.1|	CAMCTG_131856889	32.50	40	27	0	597	716	337	456	1e-05	34.1
gi|662488887|gb|KF319019.1|	CAMCTG_131856889	37.93	29	18	0	987	1073	760	846	1e-05	29.5
gi|662488887|gb|KF319019.1|	JCVI_SCAF_1097205041760	32.76	58	39	0	1887	2060	148	321	1e-05	51.9
gi|662488887|gb|KF319019.1|	JCVI_SCAF_1097205041760	32.61	46	31	0	2607	2744	956	1093	1e-05	31.8
gi|662488887|gb|KF319019.1|	JCVI_SCAF_1099266473531	26.67	120	88	0	1740	2099	513	154	1e-05	58.8
gi|662488887|gb|KF319019.1|	CAMCTG_132402464	26.67	120	88	0	1740	2099	513	154	1e-05	58.8
gi|662488887|gb|KF319019.1|	JCVI_SCAF_1099266886540	39.39	33	20	0	1881	1979	999	901	2e-05	38.6
gi|662488887|gb|KF319019.1|	JCVI_SCAF_1099266886540	36.84	38	24	0	1719	1832	1161	1048	2e-05	38.2
gi|662488887|gb|KF319019.1|	JCVI_SCAF_1099266138174	36.96	46	29	0	1923	2060	1568	1431	2e-05	49.2
gi|662488887|gb|KF319019.1|	JCVI_SCAF_1099266138174	47.06	17	9	0	1884	1934	1631	1581	2e-05	27.6
gi|662488887|gb|KF319019.1|	JCVI_SCAF_1097171015413	22.90	131	101	0	2181	2573	395	787	2e-05	42.8
gi|662488887|gb|KF319019.1|	JCVI_SCAF_1097171015413	38.89	36	22	0	2613	2720	837	944	2e-05	34.1
gi|662488887|gb|KF319019.1|	JCVI_SCAF_1101667598950	39.39	33	20	0	1881	1979	774	872	2e-05	38.6
gi|662488887|gb|KF319019.1|	JCVI_SCAF_1101667598950	36.84	38	24	0	1719	1832	612	725	2e-05	38.2
gi|662488887|gb|KF319019.1|	CAMCTG_131687046	36.96	46	29	0	1923	2060	158	295	2e-05	49.2
gi|662488887|gb|KF319019.1|	CAMCTG_131687046	47.06	17	9	0	1884	1934	95	145	2e-05	27.6
gi|662488887|gb|KF319019.1|	JCVI_SCAF_1099266718892	36.76	68	43	0	2376	2579	198	401	2e-05	54.2
gi|662488887|gb|KF319019.1|	JCVI_SCAF_1099266718892	44.00	25	14	0	2814	2888	642	716	2e-05	29.0
gi|662488887|gb|KF319019.1|	JCVI_SCAF_1099266125984	29.03	62	44	0	690	875	445	630	3e-05	40.5
gi|662488887|gb|KF319019.1|	JCVI_SCAF_1099266125984	32.50	40	27	0	597	716	337	456	3e-05	34.1
gi|662488887|gb|KF319019.1|	JCVI_SCAF_1099266125984	37.93	29	18	0	987	1073	760	846	3e-05	29.5
gi|662488887|gb|KF319019.1|	CAMCTG_131376075	36.07	61	39	0	1878	2060	162	344	3e-05	54.2
gi|662488887|gb|KF319019.1|	CAMCTG_131376075	27.59	58	42	0	2403	2576	741	914	3e-05	27.2
gi|662488887|gb|KF319019.1|	JCVI_SCAF_1097156575362	43.90	41	23	0	2589	2711	179	301	3e-05	40.5
gi|662488887|gb|KF319019.1|	JCVI_SCAF_1097156575362	34.00	50	33	0	2430	2579	8	157	3e-05	34.1
gi|662488887|gb|KF319019.1|	JCVI_SCAF_1097156575362	25.64	39	29	0	3204	3320	879	995	3e-05	29.5
gi|662488887|gb|KF319019.1|	JCVI_SCAF_1099266476161	23.40	94	72	0	2190	2471	627	908	4e-05	57.4
gi|662488887|gb|KF319019.1|	CAMCTG_132335564	23.40	94	72	0	2190	2471	627	908	4e-05	57.4
gi|662488887|gb|KF319019.1|	CAMCTG_132543988	43.90	41	23	0	2589	2711	179	301	8e-05	40.5
gi|662488887|gb|KF319019.1|	CAMCTG_132543988	34.00	50	33	0	2430	2579	8	157	8e-05	34.1
gi|662488887|gb|KF319019.1|	JCVI_SCAF_1099266887781	37.31	67	42	0	3507	3707	1605	1405	3e-04	54.7
gi|662488887|gb|KF319019.1|	CAMCTG_132112701	37.31	67	42	0	3507	3707	260	460	3e-04	54.7
gi|662488887|gb|KF319019.1|	CAMCTG_132307604	25.68	74	55	0	2181	2402	702	481	3e-04	39.1
gi|662488887|gb|KF319019.1|	CAMCTG_132307604	32.69	52	35	0	2586	2741	282	127	3e-04	39.1
gi|662488887|gb|KF319019.1|	CAMCTG_131245033	35.56	45	29	0	1926	2060	842	708	3e-04	40.0
gi|662488887|gb|KF319019.1|	CAMCTG_131245033	31.03	58	40	0	2199	2372	569	396	3e-04	38.2
gi|662488887|gb|KF319019.1|	JCVI_SCAF_1099266796776	36.00	50	32	0	2592	2741	132	281	4e-04	43.2
gi|662488887|gb|KF319019.1|	JCVI_SCAF_1099266796776	52.38	21	10	0	2814	2876	348	410	4e-04	29.0
gi|662488887|gb|KF319019.1|	CAMCTG_132899054	36.00	50	32	0	2592	2741	132	281	4e-04	43.2
gi|662488887|gb|KF319019.1|	CAMCTG_132899054	52.38	21	10	0	2814	2876	348	410	4e-04	29.0
gi|662488887|gb|KF319019.1|	JCVI_SCAF_1099266309567	25.68	74	55	0	2181	2402	1163	1384	6e-04	39.1
gi|662488887|gb|KF319019.1|	JCVI_SCAF_1099266309567	32.69	52	35	0	2586	2741	1583	1738	6e-04	39.1
gi|662488887|gb|KF319019.1|	JCVI_SCAF_1099266831591	35.56	45	29	0	1926	2060	842	708	6e-04	40.0
gi|662488887|gb|KF319019.1|	JCVI_SCAF_1099266831591	31.03	58	40	0	2199	2372	569	396	6e-04	38.2
gi|662488887|gb|KF319019.1|	JCVI_SCAF_1101669505703	30.00	60	42	0	1872	2051	149	328	7e-04	53.3
gi|662488887|gb|KF319019.1|	CAMCTG_131235438	31.25	64	44	0	2184	2375	367	176	7e-04	53.3
gi|662488887|gb|KF319019.1|	JCVI_SCAF_1099266832787	31.25	64	44	0	2184	2375	1456	1647	7e-04	53.3
gi|662488887|gb|KF319019.1|	JCVI_SCAF_1101670274194	28.57	91	65	0	3432	3704	563	835	7e-04	53.3
gi|662488887|gb|KF319019.1|	JCVI_SCAF_1096627770898	30.00	60	42	0	1872	2051	149	328	7e-04	53.3
gi|662488887|gb|KF319019.1|	CAMCTG_132701604	35.94	64	41	0	2589	2780	281	472	0.001	52.8
gi|662488887|gb|KF319019.1|	CAMCTG_131953494	28.28	99	71	0	3435	3731	729	433	0.001	52.4
gi|662488887|gb|KF319019.1|	JCVI_SCAF_1099266119645	28.28	99	71	0	3435	3731	729	433	0.001	52.4
gi|662488887|gb|KF319019.1|	CAMCTG_131268049	32.76	58	39	0	1887	2060	148	321	0.002	51.9
gi|662488887|gb|KF319019.1|	JCVI_SCAF_1099266739229	28.77	73	52	0	1881	2099	1257	1039	0.003	35.4
gi|662488887|gb|KF319019.1|	JCVI_SCAF_1099266739229	38.46	39	24	0	1716	1832	1422	1306	0.003	33.6
gi|662488887|gb|KF319019.1|	CAMCTG_131787181	28.77	73	52	0	1881	2099	720	938	0.003	35.4
gi|662488887|gb|KF319019.1|	CAMCTG_131787181	38.46	39	24	0	1716	1832	555	671	0.003	33.6
gi|662488887|gb|KF319019.1|	CAMCTG_132826824	40.74	54	32	0	2586	2747	525	686	0.003	51.0
gi|662488887|gb|KF319019.1|	JCVI_SCAF_1099266800740	40.74	54	32	0	2586	2747	1125	964	0.003	51.0
gi|662488887|gb|KF319019.1|	CAMCTG_131411987	39.13	46	28	0	1878	2015	540	677	0.004	50.6
gi|662488887|gb|KF319019.1|	CAMCTG_131927545	36.11	72	46	0	3492	3707	92	307	0.004	50.6
gi|662488887|gb|KF319019.1|	JCVI_SCAF_1101670033811	38.82	85	52	0	1779	2033	698	952	0.004	50.6
gi|662488887|gb|KF319019.1|	JCVI_SCAF_1097205170254	36.11	72	46	0	3492	3707	1865	1650	0.004	50.6
gi|662488887|gb|KF319019.1|	JCVI_SCAF_1099266812199	39.13	46	28	0	1878	2015	540	677	0.004	50.6
gi|662488887|gb|KF319019.1|	JCVI_SCAF_1099266631389	32.00	50	34	0	1884	2033	240	389	0.006	41.4
gi|662488887|gb|KF319019.1|	JCVI_SCAF_1099266631389	34.38	32	21	0	1731	1826	57	152	0.006	26.7
gi|662488887|gb|KF319019.1|	JCVI_SCAF_1101670338667	38.46	39	24	0	3204	3320	1460	1344	0.008	40.9
gi|662488887|gb|KF319019.1|	JCVI_SCAF_1101670338667	26.56	64	47	0	3480	3671	1163	972	0.008	33.1
gi|662488887|gb|KF319019.1|	JCVI_SCAF_1101670249796	38.71	31	19	0	1397	1305	764	856	0.012	31.3
gi|662488887|gb|KF319019.1|	JCVI_SCAF_1101670249796	50.00	18	9	0	3828	3775	366	419	0.012	26.7
gi|662488887|gb|KF319019.1|	JCVI_SCAF_1101670249796	42.86	21	12	0	653	591	1270	1332	0.012	26.3
gi|662488887|gb|KF319019.1|	JCVI_SCAF_1101670249796	31.58	19	13	0	3237	3181	643	699	0.012	24.4
gi|662488887|gb|KF319019.1|	JCVI_SCAF_1101670249796	50.00	14	7	0	3905	3864	291	332	0.012	24.0
gi|662488887|gb|KF319019.1|	JCVI_SCAF_1099266803188	46.34	41	22	0	2580	2702	1202	1080	0.014	43.2
gi|662488887|gb|KF319019.1|	JCVI_SCAF_1099266803188	76.92	13	3	0	2541	2579	1256	1218	0.014	23.5
gi|662488887|gb|KF319019.1|	CAMCTG_132786488	46.34	41	22	0	2580	2702	852	974	0.015	43.2
gi|662488887|gb|KF319019.1|	CAMCTG_132786488	76.92	13	3	0	2541	2579	798	836	0.015	23.5
gi|662488887|gb|KF319019.1|	JCVI_SCAF_1099266161343	29.03	62	44	0	2592	2777	281	466	0.026	42.3
gi|662488887|gb|KF319019.1|	JCVI_SCAF_1099266161343	47.62	21	11	0	2814	2876	506	568	0.026	23.5
gi|662488887|gb|KF319019.1|	CAMCTG_131420168	29.03	62	44	0	2592	2777	281	466	0.027	42.3
gi|662488887|gb|KF319019.1|	CAMCTG_131420168	47.62	21	11	0	2814	2876	506	568	0.027	23.5
gi|662488887|gb|KF319019.1|	JCVI_SCAF_1097263373184	25.49	51	38	0	2430	2582	1528	1376	0.036	34.5
gi|662488887|gb|KF319019.1|	JCVI_SCAF_1097263373184	36.36	33	21	0	2646	2744	1312	1214	0.036	30.9
gi|662488887|gb|KF319019.1|	CAMCTG_131438691	25.49	51	38	0	2430	2582	1	153	0.037	34.5
gi|662488887|gb|KF319019.1|	CAMCTG_131438691	36.36	33	21	0	2646	2744	217	315	0.037	30.9
gi|662488887|gb|KF319019.1|	JCVI_SCAF_1099266124397	24.32	74	56	0	1872	2093	390	611	0.049	41.4
gi|662488887|gb|KF319019.1|	JCVI_SCAF_1099266124397	21.62	37	29	0	1656	1766	165	275	0.049	23.5
gi|662488887|gb|KF319019.1|	CAMCTG_131880721	24.32	74	56	0	1872	2093	390	611	0.050	41.4
gi|662488887|gb|KF319019.1|	CAMCTG_131880721	21.62	37	29	0	1656	1766	165	275	0.050	23.5
gi|662488887|gb|KF319019.1|	CAMCTG_131375910	38.71	31	19	0	3731	3639	53	145	0.052	29.5
gi|662488887|gb|KF319019.1|	CAMCTG_131375910	36.11	36	23	0	989	882	365	472	0.052	29.5
gi|662488887|gb|KF319019.1|	CAMCTG_131375910	35.14	37	24	0	283	173	449	559	0.052	26.7
gi|662488887|gb|KF319019.1|	CAMCTG_131375910	50.00	18	9	0	1955	1902	153	206	0.052	24.0
gi|662488887|gb|KF319019.1|	JCVI_SCAF_1099266814168	31.25	48	33	0	2436	2579	1013	1156	0.055	36.3
gi|662488887|gb|KF319019.1|	JCVI_SCAF_1099266814168	40.00	30	18	0	1722	1811	279	368	0.055	35.0
gi|662488887|gb|KF319019.1|	JCVI_SCAF_1097156584335	32.79	61	41	0	3525	3707	518	700	0.077	46.4
gi|662488887|gb|KF319019.1|	CAMCTG_131392634	32.79	61	41	0	3525	3707	681	499	0.077	46.4
gi|662488887|gb|KF319019.1|	JCVI_SCAF_1097208457357	32.14	56	38	0	2586	2753	990	823	0.077	46.4
gi|662488887|gb|KF319019.1|	CAMCTG_131710301	32.14	56	38	0	2586	2753	356	523	0.077	46.4
gi|662488887|gb|KF319019.1|	JCVI_SCAF_1101670647668	33.33	39	26	0	2199	2315	102	218	0.085	35.4
gi|662488887|gb|KF319019.1|	JCVI_SCAF_1101670647668	32.65	49	33	0	2595	2741	531	677	0.085	34.1
gi|662488887|gb|KF319019.1|	JCVI_SCAF_1097207250627	46.34	41	22	0	3549	3671	259	381	0.11	46.0
gi|662488887|gb|KF319019.1|	CAMCTG_132253355	34.69	49	32	0	2604	2750	343	197	0.11	46.0
gi|662488887|gb|KF319019.1|	JCVI_SCAF_1101670306320	42.22	45	26	0	3537	3671	309	443	0.11	46.0
gi|662488887|gb|KF319019.1|	CAMCTG_131411334	39.62	53	32	0	2586	2744	689	531	0.15	45.5
gi|662488887|gb|KF319019.1|	CAMCTG_131377652	23.00	100	77	0	2184	2483	844	545	0.15	45.5
gi|662488887|gb|KF319019.1|	JCVI_SCAF_1099266743512	23.00	100	77	0	2184	2483	844	545	0.15	45.5
gi|662488887|gb|KF319019.1|	JCVI_SCAF_1099266802421	32.76	58	39	0	2586	2759	930	1103	0.38	44.1
gi|662488887|gb|KF319019.1|	CAMCTG_132798308	32.76	58	39	0	2586	2759	765	592	0.38	44.1
gi|662488887|gb|KF319019.1|	JCVI_SCAF_1099266818286	44.44	27	15	0	1734	1814	110	190	0.40	34.5
gi|662488887|gb|KF319019.1|	JCVI_SCAF_1099266818286	44.00	25	14	0	1884	1958	263	337	0.40	27.2
gi|662488887|gb|KF319019.1|	CAMCTG_131352508	44.44	27	15	0	1734	1814	110	190	0.41	34.5
gi|662488887|gb|KF319019.1|	CAMCTG_131352508	44.00	25	14	0	1884	1958	263	337	0.41	27.2
gi|662488887|gb|KF319019.1|	JCVI_SCAF_1099266729248	34.29	35	23	0	440	336	1296	1400	0.43	40.5
gi|662488887|gb|KF319019.1|	JCVI_SCAF_1099266729248	41.94	31	18	0	4322	4230	652	744	0.43	27.6
gi|662488887|gb|KF319019.1|	JCVI_SCAF_1099266714752	48.39	31	16	0	972	1064	655	563	0.52	43.7
gi|662488887|gb|KF319019.1|	CAMCTG_132342009	48.39	31	16	0	972	1064	655	563	0.52	43.7
gi|662488887|gb|KF319019.1|	JCVI_SCAF_1097205250933	75.00	12	3	0	371	336	577	612	0.73	34.1
gi|662488887|gb|KF319019.1|	JCVI_SCAF_1097205250933	50.00	16	8	0	353	306	652	699	0.73	26.7
gi|662488887|gb|KF319019.1|	CAMCTG_132699775	75.00	12	3	0	371	336	577	612	0.76	34.1
gi|662488887|gb|KF319019.1|	CAMCTG_132699775	50.00	16	8	0	353	306	652	699	0.76	26.7
gi|662488887|gb|KF319019.1|	JCVI_SCAF_1101667417803	41.46	41	24	0	2225	2103	438	316	0.96	29.0
gi|662488887|gb|KF319019.1|	JCVI_SCAF_1101667417803	42.11	19	11	0	2468	2412	489	433	0.96	26.7
gi|662488887|gb|KF319019.1|	JCVI_SCAF_1101667417803	33.33	21	14	0	653	591	280	218	0.96	23.5
gi|662488887|gb|KF319019.1|	JCVI_SCAF_1101667417803	32.00	25	17	0	1001	927	331	257	0.96	23.1
gi|662488887|gb|KF319019.1|	CAMCTG_131276911	35.48	31	20	0	665	573	498	590	0.97	30.9
gi|662488887|gb|KF319019.1|	CAMCTG_131276911	33.33	27	18	0	3966	3886	128	208	0.97	28.1
gi|662488887|gb|KF319019.1|	CAMCTG_131276911	39.13	23	14	0	2480	2412	198	266	0.97	26.7
gi|662488887|gb|KF319019.1|	JCVI_SCAF_1101670317866	45.00	40	22	0	3552	3671	896	1015	0.98	42.8
gi|662488887|gb|KF319019.1|	CAMCTG_131411330	46.43	28	15	0	1734	1817	528	611	1.0	35.0
gi|662488887|gb|KF319019.1|	CAMCTG_131411330	37.50	24	15	0	1986	2057	863	934	1.0	30.9
gi|662488887|gb|KF319019.1|	JCVI_SCAF_1099266827609	38.10	21	13	0	653	591	859	921	1.1	27.6
gi|662488887|gb|KF319019.1|	JCVI_SCAF_1099266827609	50.00	14	7	0	283	242	1067	1108	1.1	25.8
gi|662488887|gb|KF319019.1|	JCVI_SCAF_1099266827609	42.11	19	11	0	467	411	999	1055	1.1	22.6
gi|662488887|gb|KF319019.1|	CAMCTG_131278436	38.10	21	13	0	653	591	267	205	1.2	27.6
gi|662488887|gb|KF319019.1|	CAMCTG_131278436	50.00	14	7	0	283	242	59	18	1.2	25.8
gi|662488887|gb|KF319019.1|	CAMCTG_131278436	42.11	19	11	0	467	411	127	71	1.2	22.6
gi|662488887|gb|KF319019.1|	JCVI_SCAF_1096627096133	47.37	19	10	0	2495	2439	1611	1667	1.3	33.6
gi|662488887|gb|KF319019.1|	JCVI_SCAF_1096627096133	43.48	23	13	0	2556	2488	1427	1495	1.3	26.3
gi|662488887|gb|KF319019.1|	CAMCTG_131262924	31.58	57	39	0	4131	4301	378	548	1.3	42.3
gi|662488887|gb|KF319019.1|	JCVI_SCAF_1099266753209	31.58	57	39	0	4131	4301	1310	1140	1.3	42.3
gi|662488887|gb|KF319019.1|	JCVI_SCAF_1099266682619	39.47	38	23	0	1947	2060	1640	1527	1.9	41.8
gi|662488887|gb|KF319019.1|	CAMCTG_133074857	39.47	38	23	0	1947	2060	310	423	1.9	41.8
gi|662488887|gb|KF319019.1|	JCVI_SCAF_1099266728067	52.94	34	16	0	4219	4118	413	514	1.9	41.8
gi|662488887|gb|KF319019.1|	CAMCTG_132080291	52.94	34	16	0	4219	4118	413	514	1.9	41.8
gi|662488887|gb|KF319019.1|	JCVI_SCAF_1097205314263	29.03	62	44	0	1875	2060	476	661	2.5	40.9
gi|662488887|gb|KF319019.1|	JCVI_SCAF_1097205314263	20.37	54	43	0	1566	1727	173	334	2.5	23.5
gi|662488887|gb|KF319019.1|	JCVI_SCAF_1101670529933	36.00	50	32	0	3543	3692	59	208	2.5	41.4
gi|662488887|gb|KF319019.1|	JCVI_SCAF_1101670522447	36.00	50	32	0	3543	3692	258	109	2.5	41.4
gi|662488887|gb|KF319019.1|	JCVI_SCAF_1096627389640	36.00	50	32	0	3543	3692	23278	23427	2.5	41.4
gi|662488887|gb|KF319019.1|	CAMCTG_131937538	28.75	80	57	0	3432	3671	458	219	2.5	41.4
gi|662488887|gb|KF319019.1|	CAMCTG_133354733	36.00	50	32	0	3543	3692	689	540	2.5	41.4
gi|662488887|gb|KF319019.1|	JCVI_SCAF_1099266492079	28.75	80	57	0	3432	3671	458	219	2.5	41.4
gi|662488887|gb|KF319019.1|	CAMCTG_133157329	36.00	50	32	0	3543	3692	442	591	2.5	41.4
gi|662488887|gb|KF319019.1|	JCVI_SCAF_1096627200639	36.00	50	32	0	3543	3692	24798	24649	2.5	41.4
gi|662488887|gb|KF319019.1|	JCVI_SCAF_1099266284346	36.00	50	32	0	3543	3692	31081	30932	2.5	41.4
gi|662488887|gb|KF319019.1|	JCVI_SCAF_1099266280266	36.00	50	32	0	3543	3692	775	626	2.5	41.4
gi|662488887|gb|KF319019.1|	CAMCTG_133358289	36.00	50	32	0	3543	3692	2382	2531	2.5	41.4
gi|662488887|gb|KF319019.1|	JCVI_SCAF_1099266284181	36.00	50	32	0	3543	3692	14612	14761	2.5	41.4
gi|662488887|gb|KF319019.1|	JCVI_SCAF_1099266268402	36.00	50	32	0	3543	3692	12996	12847	2.5	41.4
gi|662488887|gb|KF319019.1|	JCVI_SCAF_1096627197685	36.00	50	32	0	3543	3692	29506	29655	2.5	41.4
gi|662488887|gb|KF319019.1|	JCVI_SCAF_1097205707708	48.48	33	17	0	1725	1823	1563	1465	2.5	40.5
gi|662488887|gb|KF319019.1|	JCVI_SCAF_1097205707708	36.67	30	19	0	4047	4136	720	631	2.5	24.9
gi|662488887|gb|KF319019.1|	JCVI_SCAF_1101670310250	26.42	53	39	0	3525	3683	355	197	3.3	39.6
gi|662488887|gb|KF319019.1|	JCVI_SCAF_1101670310250	47.62	21	11	0	1548	1610	502	440	3.3	24.0
gi|662488887|gb|KF319019.1|	JCVI_SCAF_1097195028137	28.57	42	30	0	3212	3087	1452	1327	3.5	36.8
gi|662488887|gb|KF319019.1|	JCVI_SCAF_1097195028137	68.75	16	5	0	1549	1502	100	53	3.5	28.1
gi|662488887|gb|KF319019.1|	JCVI_SCAF_1096627292088	37.50	64	40	0	3513	3704	571	762	3.5	40.9
gi|662488887|gb|KF319019.1|	JCVI_SCAF_1101669090188	37.50	64	40	0	3513	3704	571	762	3.5	40.9
gi|662488887|gb|KF319019.1|	CAMCTG_131207263	35.19	54	35	0	3543	3704	269	430	3.5	40.9
gi|662488887|gb|KF319019.1|	CAMCTG_132117091	29.58	71	50	0	1884	2096	633	845	3.5	40.9
gi|662488887|gb|KF319019.1|	JCVI_SCAF_1099266836181	35.19	54	35	0	3543	3704	269	430	3.5	40.9
gi|662488887|gb|KF319019.1|	CAMCTG_131260024	43.59	39	22	0	2592	2708	740	624	3.5	40.9
gi|662488887|gb|KF319019.1|	JCVI_SCAF_1099266829849	43.59	39	22	0	2592	2708	740	624	3.5	40.9
gi|662488887|gb|KF319019.1|	JCVI_SCAF_1099266887405	29.58	71	50	0	1884	2096	1269	1057	3.5	40.9
gi|662488887|gb|KF319019.1|	JCVI_SCAF_1099266815750	38.71	31	19	0	3731	3639	53	145	4.1	29.5
gi|662488887|gb|KF319019.1|	JCVI_SCAF_1099266815750	36.11	36	23	0	989	882	365	472	4.1	29.5
gi|662488887|gb|KF319019.1|	JCVI_SCAF_1099266815750	35.14	37	24	0	283	173	449	559	4.1	26.7
gi|662488887|gb|KF319019.1|	JCVI_SCAF_1099266827808	35.48	31	20	0	665	573	498	590	4.3	30.9
gi|662488887|gb|KF319019.1|	JCVI_SCAF_1099266827808	33.33	27	18	0	3966	3886	128	208	4.3	28.1
gi|662488887|gb|KF319019.1|	JCVI_SCAF_1099266827808	39.13	23	14	0	2480	2412	198	266	4.3	26.7
gi|662488887|gb|KF319019.1|	JCVI_SCAF_1097263715458	47.37	19	10	0	2495	2439	1209	1265	4.4	31.8
gi|662488887|gb|KF319019.1|	JCVI_SCAF_1097263715458	43.48	23	13	0	2556	2488	1025	1093	4.4	26.3
gi|662488887|gb|KF319019.1|	CAMCTG_131525497	48.48	33	17	0	1725	1823	179	277	4.8	40.5
gi|662488887|gb|KF319019.1|	JCVI_SCAF_1099266464584	30.00	60	42	0	1887	2066	1353	1174	4.8	40.5
gi|662488887|gb|KF319019.1|	CAMCTG_132637309	30.00	60	42	0	1887	2066	408	587	4.8	40.5
gi|662488887|gb|KF319019.1|	JCVI_SCAF_1101670282055	28.30	53	38	0	3525	3683	757	599	4.8	40.5
gi|662488887|gb|KF319019.1|	CAMCTG_132057344	34.29	35	23	0	440	336	522	418	4.8	40.5
gi|662488887|gb|KF319019.1|	JCVI_SCAF_1099266326729	34.00	50	33	0	3543	3692	252	103	4.8	40.5
gi|662488887|gb|KF319019.1|	CAMCTG_131523192	34.00	50	33	0	3543	3692	252	103	4.8	40.5
gi|662488887|gb|KF319019.1|	CAMCTG_133032396	28.57	49	35	0	2586	2732	523	669	6.0	36.8
gi|662488887|gb|KF319019.1|	CAMCTG_133032396	38.46	26	16	0	2436	2513	115	192	6.0	26.3
gi|662488887|gb|KF319019.1|	JCVI_SCAF_1101667511345	40.00	40	24	0	1001	882	555	674	6.1	39.6
gi|662488887|gb|KF319019.1|	JCVI_SCAF_1101667511345	42.86	14	8	0	2318	2277	45	86	6.1	23.5
gi|662488887|gb|KF319019.1|	JCVI_SCAF_1099266809157	23.46	81	62	0	2232	2474	1139	1381	6.6	40.0
gi|662488887|gb|KF319019.1|	JCVI_SCAF_1097207886976	37.50	48	30	0	3549	3692	1045	1188	6.6	40.0
gi|662488887|gb|KF319019.1|	CAMCTG_132681462	23.46	81	62	0	2232	2474	620	378	6.6	40.0
gi|662488887|gb|KF319019.1|	JCVI_SCAF_1101667200603	30.95	42	29	0	3200	3075	699	574	6.6	40.0
gi|662488887|gb|KF319019.1|	JCVI_SCAF_1096627002528	30.95	42	29	0	3200	3075	1797	1672	6.6	40.0
gi|662488887|gb|KF319019.1|	CAMCTG_132661751	37.50	48	30	0	3549	3692	885	742	6.6	40.0
gi|662488887|gb|KF319019.1|	CAMCTG_132198813	43.48	46	26	0	2436	2573	423	560	6.6	40.0
gi|662488887|gb|KF319019.1|	JCVI_SCAF_1097263582612	29.31	58	41	0	3880	3707	561	734	6.6	40.0
gi|662488887|gb|KF319019.1|	JCVI_SCAF_1097208173212	30.95	42	29	0	3200	3075	682	807	6.6	40.0
gi|662488887|gb|KF319019.1|	JCVI_SCAF_1096627052927	43.18	44	25	0	1513	1382	474	605	6.6	40.0
gi|662488887|gb|KF319019.1|	CAMCTG_132091025	29.31	58	41	0	3880	3707	561	734	6.6	40.0
gi|662488887|gb|KF319019.1|	JCVI_SCAF_1097156561087	43.48	46	26	0	2436	2573	423	560	6.6	40.0
gi|662488887|gb|KF319019.1|	JCVI_SCAF_1097195032860	45.45	33	18	0	4105	4203	233	331	6.6	40.0
gi|662488887|gb|KF319019.1|	JCVI_SCAF_1101667057827	45.45	33	18	0	4105	4203	233	331	6.6	40.0
gi|662488887|gb|KF319019.1|	JCVI_SCAF_1097156503012	37.84	37	23	0	995	885	1005	1115	7.9	31.8
gi|662488887|gb|KF319019.1|	JCVI_SCAF_1097156503012	30.77	26	18	0	3716	3639	111	188	7.9	26.3
gi|662488887|gb|KF319019.1|	JCVI_SCAF_1097156503012	34.15	41	27	0	1534	1412	880	1002	7.9	25.8
gi|662488887|gb|KF319019.1|	JCVI_SCAF_1096626889517	38.24	34	21	0	977	876	347	246	9.1	39.6
gi|662488887|gb|KF319019.1|	JCVI_SCAF_1097175002609	38.24	34	21	0	977	876	1216	1317	9.1	39.6
gi|662488887|gb|KF319019.1|	JCVI_SCAF_1101670313960	26.42	53	39	0	3525	3683	1592	1434	9.1	39.6
gi|662488887|gb|KF319019.1|	CAMCTG_132688907	35.00	40	26	0	1911	2030	340	221	9.1	39.6
gi|662488887|gb|KF319019.1|	JCVI_SCAF_1099266808689	35.00	40	26	0	1911	2030	1321	1440	9.1	39.6
gi|662488887|gb|KF319019.1|	JCVI_SCAF_1101670532738	25.00	60	45	0	3492	3671	775	596	9.1	39.6
gi|662488887|gb|KF319019.1|	JCVI_SCAF_1096627141346	26.42	53	39	0	3525	3683	1798	1956	9.1	39.6
gi|662488887|gb|KF319019.1|	JCVI_SCAF_1101670683799	42.42	33	19	0	1719	1817	27	125	9.1	39.6
gi|662488887|gb|KF319019.1|	JCVI_SCAF_1097156393528	26.42	53	39	0	3525	3683	1798	1956	9.1	39.6
gi|662488887|gb|KF319019.1|	JCVI_SCAF_1097263581345	40.48	42	25	0	995	870	264	139	9.1	39.6
gi|662488887|gb|KF319019.1|	JCVI_SCAF_1101670348880	26.42	53	39	0	3525	3683	569	727	9.1	39.6
gi|662488887|gb|KF319019.1|	CAMCTG_132293112	40.48	42	25	0	995	870	264	139	9.1	39.6
gi|662488887|gb|KF319019.1|	JCVI_SCAF_1101670153305	57.89	19	8	0	2309	2253	156	100	9.1	35.4
gi|662488887|gb|KF319019.1|	JCVI_SCAF_1101670153305	53.33	15	7	0	2483	2439	663	619	9.1	27.6
